,slides,speakers,title,date,cohort,tag,subtag,recording
0,https://docs.google.com/presentation/d/1w_WWb7Mj7NgX4pLBejB4Vc_ofK7ZHOUYOT1MCeKVi20/present?token=AC4w5VjvHWSZBrOwwb1EcSm8v45lUi3nqQ%3A1599724146314&includes_info_params=1&eisi=CLPd6-uM3usCFdIWswUdsiINRA#slide=id.g6e457e6ac5_0_69,Bérénice Batut,Welcome to OLS!,"September 10, 2020",ols-2,Open Life Science,OLS Introduction,
1,https://docs.google.com/presentation/d/e/2PACX-1vT_e2ngwmyjwApVc1CC-dUpSHSArCPsZQjw4oo-0USZFn1lw4OtwPB6LsTSAStocYGIScfgrq5Esea7/pub?start=false&loop=false&delayms=3000,Malvika Sharan,Welcome to OLS!,"February 17, 2021",ols-3,Open Life Science,OLS Introduction,https://youtu.be/lFaMk01Z_gY?t=1595
2,https://docs.google.com/presentation/d/1B-TiVAHx6OVririv88-H59_BlPwniS5xDnhZtoDU280/edit#slide=id.g6e457e6ac5_0_69,Yo Yehudi,Welcome to OLS!,"September 22, 2021",ols-4,Open Life Science,OLS Introduction,
3,https://docs.google.com/presentation/d/1B-TiVAHx6OVririv88-H59_BlPwniS5xDnhZtoDU280/edit#slide=id.g6e457e6ac5_0_69,Malvika Sharan,Welcome to OLS!,"September 29, 2021",ols-4,Open Life Science,OLS Introduction,
4,https://docs.google.com/presentation/d/1B-TiVAHx6OVririv88-H59_BlPwniS5xDnhZtoDU280/edit#slide=id.g6e457e6ac5_0_69,Emmy Tsang,Welcome to OLS!,"March 07, 2022",ols-5,Open Life Science,OLS Introduction,https://youtu.be/O3yk0yrOHGM?t=1234
5,https://docs.google.com/presentation/d/1B-TiVAHx6OVririv88-H59_BlPwniS5xDnhZtoDU280/edit#slide=id.g6e457e6ac5_0_69,Yo Yehudi,Welcome to OLS!,"March 16, 2022",ols-5,Open Life Science,OLS Introduction,https://youtu.be/CnTWxXVM0Qw?t=726
6,https://docs.google.com/presentation/d/1huJSmgaQMqB3go3XUcw_H61p6my0gkZE/edit#slide=id.p2,Yo Yehudi,Welcome to OLS!,"September 27, 2022",ols-6,Open Life Science,OLS Introduction,https://youtu.be/bAS74USoPxk?t=878
7,https://docs.google.com/presentation/d/1huJSmgaQMqB3go3XUcw_H61p6my0gkZE/edit#slide=id.p2,Yo Yehudi,Welcome to OLS!,"October 05, 2022",ols-6,Open Life Science,OLS Introduction,https://youtu.be/Q1ae8ip4o54?t=1792
8,https://docs.google.com/presentation/d/16M5R6YhvAeK0-old_hV9RjrshdA0sdJPgZBRO_MyRLA/edit?usp=sharing,Emmy Tsang,Welcome to OLS!,"March 07, 2023",ols-7,Open Life Science,OLS Introduction,https://youtu.be/AMliNkrJIaQ?t=1110
9,https://docs.google.com/presentation/d/1B-TiVAHx6OVririv88-H59_BlPwniS5xDnhZtoDU280/edit#slide=id.g6e457e6ac5_0_69,Yo Yehudi,Welcome to OLS!,"March 15, 2023",ols-7,Open Life Science,OLS Introduction,https://youtu.be/XulHUHQru2I?t=1113
10,https://docs.google.com/presentation/d/e/2PACX-1vSppfTwD16P5ilQYB6jnthyumfvM4mNuumHgy6NFuJHWIarRF-locPwZoJVO7H5DbzWdU30KhMh0gm4/pub,Yo Yehudi,Welcome to Open Seeds,"September 26, 2023",ols-8,Open Life Science,OLS Introduction,
11,https://docs.google.com/presentation/d/e/2PACX-1vSppfTwD16P5ilQYB6jnthyumfvM4mNuumHgy6NFuJHWIarRF-locPwZoJVO7H5DbzWdU30KhMh0gm4/pub,Malvika Sharan,Welcome to Open Seeds,"October 04, 2023",ols-8,Open Life Science,OLS Introduction,https://www.youtube.com/watch?v=otxpdHSaqyw&list=UULFs12-ZgnDJOWIWN3Vo1XHXA&index=10
12,https://docs.google.com/presentation/d/1idSrWd4PUb1y-iS1d7f7uyj2uS88kuYe/edit?usp=sharing&ouid=101989895789810384353&rtpof=true&sd=true,Yo Yehudi,Welcome to Open Seeds,"September 25, 2024",ols-9-catalyst,Open Life Science,OLS Introduction,
13,https://docs.google.com/presentation/d/1idSrWd4PUb1y-iS1d7f7uyj2uS88kuYe/edit?usp=sharing&ouid=101989895789810384353&rtpof=true&sd=true,Yo Yehudi,Welcome to Open Seeds,"September 25, 2024",ols-9-catalyst,Open Life Science,OLS Introduction,
14,https://docs.google.com/presentation/d/e/2PACX-1vTxrD0vmllLHMYB4b0WKrxUqaffwAV-Ee6ph9JYfTONLpcTAneXAJAb_4pyhO4JE8RMCXMBPS7kD-uK/pub?start=false&loop=false&delayms=3000,,Introduction to Open Seeds,"October 10, 2024",ols-9-dra,Open Life Science,OLS Introduction,https://youtu.be/KPaMMHLQk6c 
15,https://docs.google.com/presentation/d/e/2PACX-1vTxrD0vmllLHMYB4b0WKrxUqaffwAV-Ee6ph9JYfTONLpcTAneXAJAb_4pyhO4JE8RMCXMBPS7kD-uK/pub?start=false&loop=false&delayms=3000,,Introduction to Open Seeds,"October 11, 2024",ols-9-dra,Open Life Science,OLS Introduction,https://youtu.be/KPaMMHLQk6c 
16,https://docs.google.com/presentation/d/e/2PACX-1vSppfTwD16P5ilQYB6jnthyumfvM4mNuumHgy6NFuJHWIarRF-locPwZoJVO7H5DbzWdU30KhMh0gm4/pub,,Introduction to Open Seeds,"October 15, 2024",ols-9-dra,Open Life Science,OLS Introduction,
17,https://docs.google.com/presentation/d/14LsolqKJdd1T7XMV8PK6yQrjjrz9VPFHRDtjrL_55Js/edit?usp=sharing,Yo Yehudi,Introducing Open Canvas,"January 29, 2020",ols-1,Tooling for Project Design,Open Canvas,https://youtu.be/3-cvl7UfSTY?t=1751
18,https://docs.google.com/presentation/d/14LsolqKJdd1T7XMV8PK6yQrjjrz9VPFHRDtjrL_55Js/edit?usp=sharing,Yo Yehudi,Introducing Open Canvas,"September 10, 2020",ols-2,Tooling for Project Design,Open Canvas,https://youtu.be/5lkkHPm6aj8?t=982
19,https://docs.google.com/presentation/d/e/2PACX-1vR8j2NXWFyWKldK2OoTseN1t5YhLgeCG2OWNIjER5PKfnfGSdYQSjo8LeUCoYFyc3nZedBaNxc-aneH/pub?start=false&loop=false&delayms=3000,Yo Yehudi,Introducing Open Canvas,"February 17, 2021",ols-3,Tooling for Project Design,Open Canvas,https://youtu.be/lFaMk01Z_gY?t=2311
20,https://docs.google.com/presentation/d/10CkS3j8LZBULwpy6zzwO2GBHbNBBStD6v4jceuP1TDg/edit?usp=sharing,Bérénice Batut,Introducing Open Canvas,"September 22, 2021",ols-4,Tooling for Project Design,Open Canvas,https://youtu.be/NsVX4a3ZOF8?t=1866
21,https://docs.google.com/presentation/d/10CkS3j8LZBULwpy6zzwO2GBHbNBBStD6v4jceuP1TDg/edit?usp=sharing,Emmy Tsang,Introducing Open Canvas,"September 29, 2021",ols-4,Tooling for Project Design,Open Canvas,https://youtu.be/gcDNb_-JbDI?t=1968
22,https://docs.google.com/presentation/d/10CkS3j8LZBULwpy6zzwO2GBHbNBBStD6v4jceuP1TDg/edit?usp=sharing,Yo Yehudi,Introducing Open Canvas,"March 07, 2022",ols-5,Tooling for Project Design,Open Canvas,https://youtu.be/O3yk0yrOHGM?t=2455
23,https://docs.google.com/presentation/d/10CkS3j8LZBULwpy6zzwO2GBHbNBBStD6v4jceuP1TDg/edit?usp=sharing,Emmy Tsang,Introducing Open Canvas,"March 16, 2022",ols-5,Tooling for Project Design,Open Canvas,https://youtu.be/CnTWxXVM0Qw?t=1398
24,https://docs.google.com/presentation/d/18YFRfG6zmoOcpGFH_H2tl6HziY7dWQ0u/edit#slide=id.p19,Malvika Sharan,Introducing Open Canvas,"September 27, 2022",ols-6,Tooling for Project Design,Open Canvas,https://youtu.be/bAS74USoPxk?t=1899
25,https://docs.google.com/presentation/d/18YFRfG6zmoOcpGFH_H2tl6HziY7dWQ0u/edit#slide=id.p19,Yo Yehudi,Introducing Open Canvas,"October 05, 2022",ols-6,Tooling for Project Design,Open Canvas,https://youtu.be/Q1ae8ip4o54?t=2458
26,https://docs.google.com/presentation/d/1gmVQqDxxbGMqBqVbRRoeBx2nDSMkfUU2g3wGw82-mqs/edit?usp=sharing,Bérénice Batut,Introducing Open Canvas,"March 07, 2023",ols-7,Tooling for Project Design,Open Canvas,https://youtu.be/AMliNkrJIaQ?t=2325
27,https://docs.google.com/presentation/d/1gmVQqDxxbGMqBqVbRRoeBx2nDSMkfUU2g3wGw82-mqs/edit?usp=sharing,Malvika Sharan,Introducing Open Canvas,"March 15, 2023",ols-7,Tooling for Project Design,Open Canvas,https://youtu.be/XulHUHQru2I?t=2168
28,https://docs.google.com/presentation/d/e/2PACX-1vQ2cXlk-3EGLFQph6qD8PN24_nfCaCwij69CAd2GZ5PzgAZ1AEuNQE_m1w9DyAbrONwXrsOYZmKOA5T/pub,Yo Yehudi,Open Canvas,"September 26, 2023",ols-8,Tooling for Project Design,Open Canvas,
29,https://docs.google.com/presentation/d/e/2PACX-1vQ2cXlk-3EGLFQph6qD8PN24_nfCaCwij69CAd2GZ5PzgAZ1AEuNQE_m1w9DyAbrONwXrsOYZmKOA5T/pub,,Open Canvas,"October 04, 2023",ols-8,Tooling for Project Design,Open Canvas,
30,https://docs.google.com/presentation/d/17cBXIIABgBlF1yORhwKF3ABOWB_L6q12/edit?usp=sharing&ouid=101989895789810384353&rtpof=true&sd=true,Yo Yehudi,Open Canvas,"September 25, 2024",ols-9-catalyst,Tooling for Project Design,Open Canvas,
31,https://docs.google.com/presentation/d/17cBXIIABgBlF1yORhwKF3ABOWB_L6q12/edit?usp=sharing&ouid=101989895789810384353&rtpof=true&sd=true,Yo Yehudi,Open Canvas,"September 25, 2024",ols-9-catalyst,Tooling for Project Design,Open Canvas,
32,https://docs.google.com/presentation/d/e/2PACX-1vQ2cXlk-3EGLFQph6qD8PN24_nfCaCwij69CAd2GZ5PzgAZ1AEuNQE_m1w9DyAbrONwXrsOYZmKOA5T/pub,,Open Canvas,"October 15, 2024",ols-9-dra,Tooling for Project Design,Open Canvas,
33,https://docs.google.com/presentation/d/e/2PACX-1vQ2cXlk-3EGLFQph6qD8PN24_nfCaCwij69CAd2GZ5PzgAZ1AEuNQE_m1w9DyAbrONwXrsOYZmKOA5T/pub ,Gracielle Higino,Open Canvas,"October 15, 2024",ols-9-dra,Tooling for Project Design,Open Canvas,
34,https://docs.google.com/presentation/d/1IqvBjHlqXk8tkKj7nbp5pneQq19z6yuUq9Bkp3eTYPE/edit?usp=sharing,Bérénice Batut,Road Mapping,"January 29, 2020",ols-1,Tooling for Project Design,Project Roadmapping,https://youtu.be/3-cvl7UfSTY?t=2427
35,https://docs.google.com/presentation/d/1IqvBjHlqXk8tkKj7nbp5pneQq19z6yuUq9Bkp3eTYPE/edit?usp=sharing,,Road Mapping,"September 10, 2020",ols-2,Tooling for Project Design,Project Roadmapping,
36,https://docs.google.com/presentation/d/e/2PACX-1vRwCxOy-Xl240eB2j0xwuyA-1wPhQMiJV1nfQsbtsiGSUxPiuJZotZb91o23dtRS_RbYeyFHlq_z8XN/pub?start=false&loop=false&delayms=3000,Emmy Tsang,Road Mapping,"February 17, 2021",ols-3,Tooling for Project Design,Project Roadmapping,https://youtu.be/lFaMk01Z_gY?t=3055
37,https://docs.google.com/presentation/d/1ncWeisU45m5INf-xNBMHtM-GGPvZ6v0mPlrwOh6FY_I/edit?usp=sharing,Emmy Tsang,Introducing Road Mapping,"September 22, 2021",ols-4,Tooling for Project Design,Project Roadmapping,https://youtu.be/NsVX4a3ZOF8?t=2642
38,https://docs.google.com/presentation/d/1ncWeisU45m5INf-xNBMHtM-GGPvZ6v0mPlrwOh6FY_I/edit?usp=sharing,Yo Yehudi,Introducing Road Mapping,"September 29, 2021",ols-4,Tooling for Project Design,Project Roadmapping,https://youtu.be/gcDNb_-JbDI?t=3069
39,https://docs.google.com/presentation/d/1ncWeisU45m5INf-xNBMHtM-GGPvZ6v0mPlrwOh6FY_I/edit?usp=sharing,Emmy Tsang,Introducing Road Mapping,"March 07, 2022",ols-5,Tooling for Project Design,Project Roadmapping,https://youtu.be/O3yk0yrOHGM?t=3053
40,https://docs.google.com/presentation/d/1ncWeisU45m5INf-xNBMHtM-GGPvZ6v0mPlrwOh6FY_I/edit?usp=sharing,Malvika Sharan,Introducing Road Mapping,"March 16, 2022",ols-5,Tooling for Project Design,Project Roadmapping,https://youtu.be/CnTWxXVM0Qw?t=2821
41,https://docs.google.com/presentation/d/1ZwsxOkiik6QnJtwt5BU42_Uu9u1TbnJC/edit#slide=id.p1,Emmy Tsang,Introducing Road Mapping,"September 27, 2022",ols-6,Tooling for Project Design,Project Roadmapping,https://youtu.be/bAS74USoPxk?t=2845
42,https://docs.google.com/presentation/d/1ZwsxOkiik6QnJtwt5BU42_Uu9u1TbnJC/edit#slide=id.p1,Yo Yehudi,Introducing Road Mapping,"October 05, 2022",ols-6,Tooling for Project Design,Project Roadmapping,https://youtu.be/Q1ae8ip4o54?t=3061
43,https://docs.google.com/presentation/d/1xpVo-66m0mWs8_ZFGuHQwPBTT-vkfBRXwr6WJEb5QRw/edit?usp=sharing,Bérénice Batut,Introducing Road Mapping,"March 07, 2023",ols-7,Tooling for Project Design,Project Roadmapping,https://youtu.be/AMliNkrJIaQ?t=3166
44,https://docs.google.com/presentation/d/1ncWeisU45m5INf-xNBMHtM-GGPvZ6v0mPlrwOh6FY_I/edit?usp=sharing,Paz Bernaldo,Introducing Road Mapping,"March 15, 2023",ols-7,Tooling for Project Design,Project Roadmapping,https://youtu.be/XulHUHQru2I?t=2887
45,,Bérénice Batut,Project Roadmapping,"September 26, 2023",ols-8,Tooling for Project Design,Project Roadmapping,
46,,,Project Roadmapping,"October 04, 2023",ols-8,Tooling for Project Design,Project Roadmapping,
47,,,Project Roadmapping,"September 25, 2024",ols-9-catalyst,Tooling for Project Design,Project Roadmapping,
48,https://docs.google.com/presentation/d/19oGNS6nM7wWY-UH9XA-gyNv9wWYNsfWT/edit?usp=sharing&ouid=101989895789810384353&rtpof=true&sd=true,Malvika Sharan,Project Roadmapping,"September 25, 2024",ols-9-catalyst,Tooling for Project Design,Project Roadmapping,
49,https://docs.google.com/presentation/d/e/2PACX-1vRME4NPdc7Tx528-p3Veo8wN5galMpVK0PhY7v4IpHXbBQQFmBpyjmSMOoXwAqr5Fyo27mbzC2IaTQL/pub,Gracielle Higino,Introducing Project Roadmapping,"October 15, 2024",ols-9-dra,Tooling for Project Design,Project Roadmapping,
50,https://docs.google.com/presentation/d/e/2PACX-1vT-icafDLq0mDuOlniwWaCj5pv-RM5duDAs-cgiWSxoYmh_sz9VqCq_ijIAa_uHqMYqqgPnHPBmY7LO/pub,Bérénice Batut,Tooling for Project Design Introduction,"September 26, 2023",ols-8,Tooling for Project Design,Tooling for Project Design Introduction,
51,https://docs.google.com/presentation/d/e/2PACX-1vT-icafDLq0mDuOlniwWaCj5pv-RM5duDAs-cgiWSxoYmh_sz9VqCq_ijIAa_uHqMYqqgPnHPBmY7LO/pub,,Tooling for Project Design Introduction,"October 04, 2023",ols-8,Tooling for Project Design,Tooling for Project Design Introduction,
52,https://docs.google.com/presentation/d/1s1sgBYSoRfG_XujjxG2_B2w1aE3f9jzd/edit?usp=sharing&ouid=101989895789810384353&rtpof=true&sd=true,Malvika Sharan,Tooling for Project Design Introduction,"September 25, 2024",ols-9-catalyst,Tooling for Project Design,Tooling for Project Design Introduction,
53,https://docs.google.com/presentation/d/1s1sgBYSoRfG_XujjxG2_B2w1aE3f9jzd/edit?usp=sharing&ouid=101989895789810384353&rtpof=true&sd=true,Malvika Sharan,Tooling for Project Design Introduction,"September 25, 2024",ols-9-catalyst,Tooling for Project Design,Tooling for Project Design Introduction,
54,https://docs.google.com/presentation/d/e/2PACX-1vT-icafDLq0mDuOlniwWaCj5pv-RM5duDAs-cgiWSxoYmh_sz9VqCq_ijIAa_uHqMYqqgPnHPBmY7LO/pub,,Tooling for Project Design Introduction,"October 15, 2024",ols-9-dra,Tooling for Project Design,Tooling for Project Design Introduction,
55,https://docs.google.com/presentation/d/1s1sgBYSoRfG_XujjxG2_B2w1aE3f9jzd/pub?start=false&loop=false&delayms=3000,Malvika Sharan,Tooling for Project Design Introduction,"October 15, 2024",ols-9-dra,Tooling for Project Design,Tooling for Project Design Introduction,
56,https://docs.google.com/presentation/d/1ymSOc9vPnFJpU0FwFBqw25qhSmJVAv5scpi-N9KVopc/edit?usp=sharing,Josh Simmons,A Primer on Open Licenses,"February 12, 2020",ols-1,Tooling for Collaboration,Open Licensing,https://youtu.be/y9y8a3O4fjg?t=383
57,https://docs.google.com/presentation/d/1qep_rtGuiD7MXOul1KJrgjNYjYw_4WOvdpUO1tTUj1w/edit?usp=sharing,Christine Rogers,A Primer on Open Licenses,"September 24, 2020",ols-2,Tooling for Collaboration,Open Licensing,https://youtu.be/aX40ntw0uIg?t=1946
58,https://docs.google.com/presentation/d/1-Ns22S18_eP6VvEwMx6Mxo5cukFYVSG8W6kaZctyWpc/edit?usp=sharing,Hao Ye,A Primer on Open Licenses,"March 03, 2021",ols-3,Tooling for Collaboration,Open Licensing,https://youtu.be/Enn2NGMGC2k?t=1176
59,https://docs.google.com/presentation/d/1JX7IBxHBlMBd5xf3Qxu-ZbInqgIXA-Y0eulHJiv5dA0/edit?usp=sharing,Kaitlin Thaney,Open Licensing,"October 06, 2021",ols-4,Tooling for Collaboration,Open Licensing,https://youtu.be/kAxVZDI18RU?t=973
60,https://docs.google.com/presentation/d/1JX7IBxHBlMBd5xf3Qxu-ZbInqgIXA-Y0eulHJiv5dA0/edit?usp=sharing,Raniere Silva,Open Licensing,"March 23, 2022",ols-5,Tooling for Collaboration,Open Licensing,https://youtu.be/d0A2TaLyhlY?t=1604
61,https://docs.google.com/presentation/d/1YGZVJhEuvuv1YKEVH_DW8aCVnwqCoBRC/edit#slide=id.p1,Anna e só,Open Licensing,"October 12, 2022",ols-6,Tooling for Collaboration,Open Licensing,https://youtu.be/M0szFcbGdBU?t=856
62,https://docs.google.com/presentation/d/1-Ns22S18_eP6VvEwMx6Mxo5cukFYVSG8W6kaZctyWpc/edit?usp=sharing,Hao Ye,Open Licensing,"March 22, 2023",ols-7,Tooling for Collaboration,Open Licensing,https://youtu.be/DG3La_p22N0?t=2065
63,https://docs.google.com/presentation/d/e/2PACX-1vQsH4kNQ838uk6mHw8w6YuR8hgg4JXZ10lkNdaVC05zfMEZpU1xDRyT_B6A3s9rqirP2RhAndi-G6dd/pub,Yo Yehudi,A Primer on Open Licenses,"October 11, 2023",ols-8,Tooling for Collaboration,Open Licensing,
64,https://docs.google.com/presentation/d/1pFlaw-7Kg04GdpCU6CQPAEIcNs-clc3Lm-9G1pFpM0Y/edit#slide=id.g3098b2a345d_0_237,Joyce Kao,A Primer on Open Licenses,"October 09, 2024",ols-9-catalyst,Tooling for Collaboration,Open Licensing,
65,,,A Primer on Open Licenses,"October 17, 2024",ols-9-dra,Tooling for Collaboration,Open Licensing,
66,https://docs.google.com/presentation/d/1APGIvU1aZ_zNkLmC5SYlLXBh6LZK_Qe97-3C_3oXcFI/edit?usp=sharing,Mateusz Kuzak,READMEs for Open Projects,"February 12, 2020",ols-1,Tooling for Collaboration,README,https://youtu.be/y9y8a3O4fjg?t=1831
67,https://docs.google.com/presentation/d/12nifeGLgbZWeq7D1EMjLZIvMieM4pEa522sQLQNnT2g/edit?usp=sharing,Mateusz Kuzak,READMEs for Open Projects,"September 24, 2020",ols-2,Tooling for Collaboration,README,https://youtu.be/aX40ntw0uIg?t=2939
68,https://docs.google.com/presentation/d/1APGIvU1aZ_zNkLmC5SYlLXBh6LZK_Qe97-3C_3oXcFI/edit?usp=sharing” with “https://docs.google.com/presentation/d/1K-to88_TV4UI7-ek2ph5PIsqEZcYEprT1KkEXysCWiA/edit?usp=sharing,Carlos Martinez-Ortiz,README,"March 03, 2021",ols-3,Tooling for Collaboration,README,https://youtu.be/Enn2NGMGC2k?t=2138
69,https://docs.google.com/presentation/d/1CYTTEzAzSLUOR6-dwBfhZc5a753OJ2wfu2EXJvXBPkY/edit?usp=sharing,Alex Chan,README,"October 06, 2021",ols-4,Tooling for Collaboration,README,https://youtu.be/kAxVZDI18RU?t=2270
70,https://docs.google.com/presentation/d/1CYTTEzAzSLUOR6-dwBfhZc5a753OJ2wfu2EXJvXBPkY/edit?usp=sharing,Hao Ye,README,"March 23, 2022",ols-5,Tooling for Collaboration,README,https://youtu.be/d0A2TaLyhlY?t=714
71,https://docs.google.com/presentation/d/1Sh_9lEJ50HtWecB_Zaews-3Shah4TFld/edit?usp=drive_web&ouid=113583685317579296794&rtpof=true,Alexander Martinez Mendez,README,"October 12, 2022",ols-6,Tooling for Collaboration,README,https://youtu.be/M0szFcbGdBU?t=1711
72,https://docs.google.com/presentation/d/1V2-6PbJiPOYGBGsHJbKj9Y49iPHsHnAIKnhCuV40U3I/edit#slide=id.g2224fafcba8_0_37,Eric Kariuki,README & Contributing for Open Projects,"March 22, 2023",ols-7,Tooling for Collaboration,README,https://youtu.be/DG3La_p22N0?t=1080
73,https://docs.google.com/presentation/d/16xlUE0NW7W4hW2PBMs89bNcXM9pqcmM9WnuAEgqo3DM/edit?usp=sharing,Mariana Meireles,ReadMe files: how to make your project welcoming to others,"October 11, 2023",ols-8,Tooling for Collaboration,README,
74,https://docs.google.com/presentation/d/1N1m0WjFbftBJk26nC1Mf-Qr5ZDooKLsDHTiR_RyKK2w/edit#slide=id.g7e28a7e96f_0_0,None,ReadMe files: how to make your project welcoming to others,"October 09, 2024",ols-9-catalyst,Tooling for Collaboration,README,
75,,,ReadMe files: how to make your project welcoming to others,"October 17, 2024",ols-9-dra,Tooling for Collaboration,README,
76,https://docs.google.com/presentation/d/1aLaDBwH64PCRtCLIftVkjBYT60ifWuIV7Im2t8BXN8Q/edit?usp=sharing,Karin Lagesen,Contributing Guidelines and Codes of Conduct for Open Projects,"February 12, 2020",ols-1,Tooling for Collaboration,Code of Conduct,https://youtu.be/y9y8a3O4fjg?t=2605
77,https://docs.google.com/presentation/d/196NOwvIx2A_cSOKE7YEyDvww7lehxBmef9O4B_FLodc/edit?usp=sharing,Lilly Winfree,Contributing Guidelines and Codes of Conduct for Open Projects,"September 24, 2020",ols-2,Tooling for Collaboration,Code of Conduct,https://youtu.be/aX40ntw0uIg?t=3747
78,https://docs.google.com/presentation/d/e/2PACX-1vSohISYePu3i64JyoI3Lc_GRBTNuWT9x98uFd2HVI0zGQSODiNv03ZSGTcPZcm_cz38K-vhtRRzdhfI/pub?start=false&loop=false&delayms=3000,Malvika Sharan,Contributing Guidelines and Code of Conduct,"March 03, 2021",ols-3,Tooling for Collaboration,Code of Conduct,https://youtu.be/Enn2NGMGC2k?t=3066
79,https://docs.google.com/presentation/d/1ko91U3CXbuFd3hiXRtrLxVtNcoMQgzvhAVeKId0dFZc/edit?usp=sharing,Emma Karoune,Contributing Guidelines and Code of Conduct,"October 06, 2021",ols-4,Tooling for Collaboration,Code of Conduct,https://youtu.be/kAxVZDI18RU?t=3329
80,https://docs.google.com/presentation/d/1ko91U3CXbuFd3hiXRtrLxVtNcoMQgzvhAVeKId0dFZc/edit?usp=sharing,Sarah Stamps,Contributing Guidelines and Code of Conduct,"March 23, 2022",ols-5,Tooling for Collaboration,Code of Conduct,https://youtu.be/d0A2TaLyhlY?t=2455
81,https://docs.google.com/presentation/d/1hN_aYQT_uL3CczvB-62MSlhPa8Opnukh/edit#slide=id.p2,Andres Sebastian Ayala Ruano,Contributing Guidelines and Code of Conduct,"October 12, 2022",ols-6,Tooling for Collaboration,Code of Conduct,https://youtu.be/M0szFcbGdBU?t=2571
82,https://docs.google.com/presentation/d/1-Ns22S18_eP6VvEwMx6Mxo5cukFYVSG8W6kaZctyWpc/edit?usp=sharing,Andrea Sánchez Tapia,Code of Conduct,"March 22, 2023",ols-7,Tooling for Collaboration,Code of Conduct,https://youtu.be/DG3La_p22N0?t=3131
83,https://docs.google.com/presentation/d/1E0HBEzzuO3VjNLwM3ThWLJ27R6h359j0DO4jwfcFkCw/edit#slide=id.g21280744133_2_56,Saskia Freytag,Designing and enforcing a Code of Conduct,"October 11, 2023",ols-8,Tooling for Collaboration,Code of Conduct,
84,https://drive.google.com/file/d/16WN14BpBug8Op3ekhlhIZH12Bv5Nyxha/view,Karin Lagesen,Designing and enforcing a Code of Conduct,"October 09, 2024",ols-9-catalyst,Tooling for Collaboration,Code of Conduct,
85,,,Designing and enforcing a Code of Conduct,"October 17, 2024",ols-9-dra,Tooling for Collaboration,Code of Conduct,
86,https://docs.google.com/presentation/d/1qymN0F-kToQfFIPjXOrXe7lHPy_UB0Buew2kAI1WfWg/edit?usp=sharing,Malvika Sharan,Introduction to GitHub,"October 13, 2021",ols-4,Tooling for Collaboration,GitHub Introduction,https://youtu.be/lRW8mlpTw5M
87,https://docs.google.com/presentation/d/1qymN0F-kToQfFIPjXOrXe7lHPy_UB0Buew2kAI1WfWg/edit?usp=sharing,Malvika Sharan,Introduction to GitHub,"March 28, 2022",ols-5,Tooling for Collaboration,GitHub Introduction,https://youtu.be/90BOler9hqI
88,https://docs.google.com/presentation/d/1a14DBUdW2LOAtlNv181gZ_KTc_W_xAqy/edit#slide=id.p1,Patricia Herterich,Introduction to GitHub,"October 18, 2022",ols-6,Tooling for Collaboration,GitHub Introduction,https://youtu.be/7Oq81K27NmU?t=46
89,https://docs.google.com/presentation/d/1qymN0F-kToQfFIPjXOrXe7lHPy_UB0Buew2kAI1WfWg/edit#slide=id.g6e56d02ad9_0_0,,Introduction to GitHub,"March 28, 2023",ols-7,Tooling for Collaboration,GitHub Introduction,https://youtu.be/hXRw33CbDJk
90,https://docs.google.com/presentation/d/e/2PACX-1vQ5k5Bw3DOSu4asYY2qnHZQSyQqaeqxFcqzUV6oxeBdHlopJ7OZQ-YEG4h3Z_kn-kUyccY8qNdXd69k/pub,Yo Yehudi,GitHub for Collaboration,"October 17, 2023",ols-8,Tooling for Collaboration,GitHub Introduction,
91,https://docs.google.com/presentation/d/e/2PACX-1vTBcMEhNCbU2KVuFaMonMCXFGH5xd8zs6FKkEC27lwbG2elPc22XrxjMesjkNZ_YH1-yKsHGuwIKedW/pub,Bérénice Batut,Introduction to GitHub,"October 17, 2023",ols-8,Tooling for Collaboration,GitHub Introduction,
92,https://docs.google.com/presentation/d/e/2PACX-1vRYkiKWXU3CKdmpKl3LRD4BS2nSk3QDYWCAl5FPhYDimkUhN0rrZmTUjzMbMzVQ6t-kW141xYFfmyZG/pub,Yo Yehudi,Creating a small website with GitHub,"October 17, 2023",ols-8,Tooling for Collaboration,GitHub Introduction,
93,,,Introduction to GitHub,"October 16, 2024",ols-9-dra,Tooling for Collaboration,GitHub Introduction,
94,,,Creating a small website with GitHub,"October 16, 2024",ols-9-dra,Tooling for Collaboration,GitHub Introduction,
95,,,Project Structure,"March 23, 2022",ols-5,Tooling for Collaboration,Setting up a project,
96,,,Project Structure,"March 22, 2023",ols-7,Tooling for Collaboration,Setting up a project,
97,https://docs.google.com/presentation/d/e/2PACX-1vT6Xn-rv8tA_YttEhJoO_aqOx36REJVZ9l44Orz69sm8y1bxuiC-HLj41-e7QAAw-drhPmucehO-Clv/pub,Malvika Sharan,Setting up a project,"October 11, 2023",ols-8,Tooling for Collaboration,Setting up a project,
98,https://docs.google.com/presentation/d/1nLnTciwCIauAn87Kw26DtatNJc7s2Wph/edit?usp=sharing&ouid=101989895789810384353&rtpof=true&sd=true,Malvika Sharan,Setting up a project,"October 09, 2024",ols-9-catalyst,Tooling for Collaboration,Setting up a project,
99,,,Setting up a project,"October 17, 2024",ols-9-dra,Tooling for Collaboration,Setting up a project,
100,https://drive.google.com/file/d/1w8AUnsbwSpqfEK0YxKmSZGIeIlEbppSN/view?usp=share_link,None,"Code style, testing","November 30, 2022",ols-6,Tooling for Collaboration,Good Coding Practices,https://youtu.be/n3JkOyt6bRM?t=271
101,https://olscoding.netlify.app/,Yanina Bellini,Programming for science,"May 10, 2023",ols-7,Tooling for Collaboration,Good Coding Practices,https://youtu.be/hOiDzn4Iqp4?t=2920
102,https://mgomezn.github.io/talk_openlifesci/,None,Good Coding Practices ,"November 29, 2023",ols-8,Tooling for Collaboration,Good Coding Practices,https://youtu.be/tRFSQ4w9udE?si=4cb6g92bua79xJLy&t=416
103,https://docs.google.com/presentation/d/122OcEk4tYbo5ZI4isS4KbOYxGFiTBesR/edit?usp=sharing&ouid=101989895789810384353&rtpof=true&sd=true,Olaitan Awe,Good Coding Practices ,"November 13, 2024",ols-9-catalyst,Tooling for Collaboration,Good Coding Practices,
104,,Gracielle Higino,Code-review,"November 30, 2022",ols-6,Tooling for Collaboration,Code Review,https://youtu.be/n3JkOyt6bRM?t=1911
105,https://docs.google.com/presentation/d/1snmV5BMFIuTAs60-PcejRj0NUhpvswvb/edit?usp=sharing&ouid=113583685317579296794&rtpof=true&sd=true,Olaitan Awe,Writing reproducible code,"May 10, 2023",ols-7,Tooling for Collaboration,Code Review,https://youtu.be/hOiDzn4Iqp4?t=332
106,https://docs.google.com/presentation/d/e/2PACX-1vTP-ZX_nWdX-xHEy8PNnm7yNmlxPVrsxFvfHuiGriyQoUBuX6l1qJNYe1K7UDAQbzuvRPfeMMKM-ISK/pub?start=false&loop=false&delayms=60000&slide=id.g2a014cc8695_0_580,Riva Quiroga,Code Review,"November 29, 2023",ols-8,Tooling for Collaboration,Code Review,https://youtu.be/tRFSQ4w9udE?si=4cb6g92bua79xJLy&t=1437
107,https://docs.google.com/presentation/d/1ybkgxS1W4_6cDakrEin3R7LYqYrUSWdLHErFsuyfsSY/edit?usp=sharing,Bastian Greshake Tzovaras,Code Review,"November 13, 2024",ols-9-catalyst,Tooling for Collaboration,Code Review,
108,,Ruth Nanjala,Package Managements,"November 29, 2023",ols-8,Tooling for Collaboration,Package Management,https://youtu.be/tRFSQ4w9udE?si=4cb6g92bua79xJLy&t=2890
109,https://docs.google.com/presentation/d/1ewt5jgfs7q5xO_fMOmoT08sV4iMGBNV_/edit?usp=sharing&ouid=101989895789810384353&rtpof=true&sd=true,Ruth Nanjala,Package Managements,"November 13, 2024",ols-9-catalyst,Tooling for Collaboration,Package Management,
110,https://docs.google.com/presentation/d/1w_WWb7Mj7NgX4pLBejB4Vc_ofK7ZHOUYOT1MCeKVi20/edit?usp=sharing,Malvika Sharan,Welcome to OLS!,"January 29, 2020",ols-1,Open Science,Open Science Introduction,https://youtu.be/3-cvl7UfSTY?t=278
111,https://docs.google.com/presentation/d/1eKRgozsGmJvjPELyP4KMgrgHchp7o58YowC5RkgLNd4/edit?usp=sharing,Yo Yehudi,Open Science,"April 04, 2023",ols-7,Open Science,Open Science Introduction,https://youtu.be/ViqeEI3J9dY?t=262
112,https://docs.google.com/presentation/d/e/2PACX-1vTfp4FBmrsu0Hb5H-w2Howm2QNVbEaTQGVo9h-dQcgFNT-TN30Pm_S3kv6JARcdhPp1JkN0go_ulIGP/pub,Yo Yehudi,Open Science Introduction,"October 24, 2023",ols-8,Open Science,Open Science Introduction,
113,https://docs.google.com/presentation/d/e/2PACX-1vRGqWI6y7LyyZr-3GUhvouyg6N_Gnju5S0MFcDdbMn2V19Ddk8Z-62FSBr1tNVSCA/pub?start=false&loop=false&delayms=3000&slide=id.p1,Tajuddeen Gwadabe,Open Science Garden(s),"October 23, 2024",ols-9-catalyst,Open Science,Open Science Introduction,
114,https://docs.google.com/presentation/d/e/2PACX-1vS0ZySNlYJ0UDxqhrdJ9Zt-TO3fp2AZcewUPrFfrmHgBkq1xK7-KIGZ6w3t-zMTCA/pub?start=false&loop=false&delayms=3000&slide=id.p1,Malvika Sharan,Open Science Introduction,"October 23, 2024",ols-9-catalyst,Open Science,Open Science Introduction,
115,,,Open Science Introduction,"October 23, 2024",ols-9-dra,Open Science,Open Science Introduction,
116,https://docs.google.com/presentation/d/e/2PACX-1vS0ZySNlYJ0UDxqhrdJ9Zt-TO3fp2AZcewUPrFfrmHgBkq1xK7-KIGZ6w3t-zMTCA/pub?start=false&loop=false&delayms=3000,None,Open Science Introduction,"October 23, 2024",ols-9-dra,Open Science,Open Science Introduction,
117,https://docs.google.com/presentation/d/1JJWt0OtVWTMHbouXOF0w1QJsxwv-rUXiqHmkEx-A5B8/edit?usp=sharing,Julieta Arancio,Open Science Hardware,"February 26, 2020",ols-1,Open Science,Open Hardware,https://youtu.be/hiLDGLfXa2s?t=1141
118,,Julieta Arancio,"Open tools, for opening science","October 08, 2020",ols-2,Open Science,Open Hardware,https://www.youtube.com/watch?v=BtUNjoTr5eg
119,https://docs.google.com/presentation/d/1p9y7hBmz-ky38JsosaSYi2LmB1fPD0IyIB_BnLAidmo/edit?usp=sharing,Andre Maia Chagas,Open Source/Science Hardware,"March 17, 2021",ols-3,Open Science,Open Hardware,https://youtu.be/XkzCr3fiSCg?t=3593
120,https://docs.google.com/presentation/d/1SJJjYujbAjRUgrjbT7ZSofqp4tgZ5eNf5wPMqHRfmn4/edit#slide=id.g175a0ec481e_1_88,Paz Bernaldo,Open science hardware,"October 25, 2022",ols-6,Open Science,Open Hardware,https://youtu.be/AggJQTgsaaU?t=3678
121,https://docs.google.com/presentation/d/1ecLEm7aNPeswOCnpiQQE8rnSyl6Equce_6YAJrR2_oc/edit?usp=sharing,Andre Maia Chagas,Open Source Hardware,"May 02, 2023",ols-7,Open Science,Open Hardware,https://youtu.be/iAckka2c6yc?t=147
122,https://docs.google.com/presentation/d/1aluBnA6hziHb0gHulR6PkkJTPsZMaXDN/edit?usp=sharing&ouid=118073970427420961369&rtpof=true&sd=true,None,Open Hardware,"December 06, 2023",ols-8,Open Science,Open Hardware,https://youtu.be/Xu9TgBXRVZw?si=Gldnku-8UJ6212Fb&t=2694
123,,None,Open Hardware,"December 04, 2024",ols-9-catalyst,Open Science,Open Hardware,
124,https://ajstewartlang.github.io/talks/OLS_talk/assets/player/KeynoteDHTMLPlayer.html,Andrew Stewart,Open Software in Research,"February 26, 2020",ols-1,Open Science,Open Source Software,https://youtu.be/hiLDGLfXa2s?t=2239
125,https://docs.google.com/presentation/d/1uZuqgoJp67uRB6t0LCZJ06V8YYyff9-iqrv6zfqtOhk,Aleksandra Nenadic,Open Source Software,"October 08, 2020",ols-2,Open Science,Open Source Software,https://youtu.be/fyz4gB4XPJk?t=1266
126,https://drive.google.com/file/d/1LtG_gVhszVl13yohYuxTipaKnxV77cqP/view?usp=sharing,Fotis Psomopoulos,FAIR Research Software,"November 05, 2020",ols-2,Open Science,Open Source Software,https://youtu.be/ylqDx_ELfus?t=2848
127,https://docs.google.com/presentation/d/19fZRMPzK2OrynrOdVzkq703j2fz6knAiFjn2JEPfmIQ/edit?usp=sharing,Helena Rasche,Open Source in Research,"March 17, 2021",ols-3,Open Science,Open Source Software,https://youtu.be/XkzCr3fiSCg?t=1190
128,https://doi.org/10.6084/m9.figshare.14410751.v1,Neil Chue Hong,Good enough practices for FAIR software,"April 14, 2021",ols-3,Open Science,Open Source Software,https://youtu.be/j-rPaiojNFk?t=2915
129,https://docs.google.com/presentation/d/1cfeNl3URWS-IOrG-gwfEzIsg1VN9JQepQhcP54xvAkY/edit?usp=sharing,Sam Van Stroud,Open Source in Research,"October 20, 2021",ols-4,Open Science,Open Source Software,https://youtu.be/kjhrrfF2fvM?t=4383
130,https://github.com/Nikoleta-v3/talks/blob/master/talks/2021-11-17-Open-Life-Science/main.pdf,Nikoleta Glynatsi,Publishing & Citing Open Research Code,"November 17, 2021",ols-4,Open Science,Open Source Software,https://youtu.be/SfGHnCedkwY?t=3485
131,https://doi.org/10.5281/zenodo.5783459,Stephan Druskat,Software citation with the Citation File Format,"December 15, 2021",ols-4,Open Science,Open Source Software,https://youtu.be/DbqsS1-ueqI?t=2997
132,https://tinyurl.com/59754uzx,Andrew Stewart,Open Source Software in Research,"April 04, 2022",ols-5,Open Science,Open Source Software,https://youtu.be/yCCNZH9JS-0?t=1387
133,,Stephan Druskat,Steps towards FAIRer and more citable software,"May 30, 2022",ols-5,Open Science,Open Source Software,https://youtu.be/rUusShaYC4o?t=2438
134,https://2022-10-25-lpc-oss.netlify.app/#8,Luis Pedro Coelho,Open Science Software,"October 25, 2022",ols-6,Open Science,Open Source Software,https://youtu.be/AggJQTgsaaU?t=1288
135,https://docs.google.com/presentation/d/12hqzyIdYqSKnFokcTT2i8QhO74vcx7OkluUdiRd_ah8/edit?usp=share_link,Hao Ye,Open Source Software ,"November 30, 2022",ols-6,Open Science,Open Source Software,https://youtu.be/n3JkOyt6bRM?t=2996
136,https://docs.google.com/presentation/d/1HRxtMemWWYrBniYkW60twA3Fd0AuEDdNryGREagDypk/edit#slide=id.g21f04b7f88a_0_77,Michelle Barker,Open Source Software,"May 02, 2023",ols-7,Open Science,Open Source Software,https://youtu.be/iAckka2c6yc?t=884
137,https://docs.google.com/presentation/d/1V0ns7MiBRlKWgJHq15Xy-q0HZOeJYdkKs0PMAMoKXn8/edit?usp=sharing,Leah Wasser,Open Source Drives Open Science - pyOpenSci,"May 10, 2023",ols-7,Open Science,Open Source Software,https://youtu.be/hOiDzn4Iqp4?t=1594
138,https://docs.google.com/presentation/d/1mainogyd9OzOGA3BfKVQXIPbzCB08oaeyCUhz8gxTjc/edit#slide=id.g2a2d191dc2e_5_303,None,Open Source Software,"December 06, 2023",ols-8,Open Science,Open Source Software,https://youtu.be/Xu9TgBXRVZw?si=We1w4nwOMWsXqvzu&t=377
139,https://www.canva.com/design/DAGWRP6oCJo/WQJPvIjiN0AYwFuZF4WNUA/edit,None,Open Source Software,"November 20, 2024",ols-9-catalyst,Open Science,Open Source Software,
140,https://docs.google.com/presentation/d/e/2PACX-1vTm51ExlLfv1L_oI59D_9EZlBWf1UbSXmHVAIutII9Cs8AnGqLkH9meXGiwBajn-r_u297hdV7MdWCL/pub?start=false&loop=false&delayms=3000,Lilly Winfree,Open Data,"February 26, 2020",ols-1,Open Science,Open Data,https://youtu.be/hiLDGLfXa2s?t=3848
141,https://doi.org/10.6084/m9.figshare.13065308.v1,Paula Andrea Martinez,Open Data,"October 08, 2020",ols-2,Open Science,Open Data,https://youtu.be/fyz4gB4XPJk?t=2304
142,https://docs.google.com/presentation/d/1ER_ZQ_Fe_PFWBPrP87dU6jRaPT2dlB4hCu-wGXJwnBA/edit?usp=sharing,Philippe Rocca-Serra,FAIR Data: Insights and perspectives,"November 05, 2020",ols-2,Open Science,Open Data,https://youtu.be/ylqDx_ELfus?t=268
143,https://doi.org/10.5281/zenodo.4609017,Esther Plomp,Open Data,"March 17, 2021",ols-3,Open Science,Open Data,https://youtu.be/XkzCr3fiSCg?t=2182
144,https://docs.google.com/presentation/d/1p-hNZTifBNHo_gbFPQlUW6YmLKIGH1jWJnWXIGoWQYs/edit#slide=id.p,Emma Anne Harris,FAIR data,"April 14, 2021",ols-3,Open Science,Open Data,https://youtu.be/j-rPaiojNFk?t=206
145,https://doi.org/10.5281/zenodo.5582718,Sara El-Gebali,Research data management,"October 20, 2021",ols-4,Open Science,Open Data,https://youtu.be/kjhrrfF2fvM?t=261
146,https://docs.google.com/presentation/d/19jspjhFN2kb9H3S-4UEBb5q9aZt22eUdDdxfWWbb6CI/edit?usp=sharing,Patricia Herterich,The future of Open Science? DMPs and FAIR data,"December 15, 2021",ols-4,Open Science,Open Data,https://youtu.be/DbqsS1-ueqI?t=204
147,https://docs.google.com/presentation/d/e/2PACX-1vQ__5JVOhFNoKufqIPflvEfUE1Vuxi9Euj975yCI14nJfeeyansg1RpuIteyTtmlQCyfacWTwB_QZ3N/pub?start=false&loop=false&delayms=3000#slide=id.p,Renato Alves,Open Data,"April 04, 2022",ols-5,Open Science,Open Data,https://youtu.be/yCCNZH9JS-0?t=199
148,https://docs.google.com/presentation/d/1UhSKnz0deqsgzEHYdJGfFlOEN64_BIZ2GRjY6fKk44Y/edit?usp=sharing,Lilly Winfree,Agile & Iterative Project Management Methods,"April 04, 2022",ols-5,Open Science,Open Data,https://youtu.be/yCCNZH9JS-0?t=2381
149,https://docs.google.com/presentation/d/147I53rNPEMHqixXPDc6vt0Eg9O9mIPBQ/edit?usp=drive_web&ouid=113583685317579296794&rtpof=true,Sara Petti,Managing & developing research data (RDM),"October 25, 2022",ols-6,Open Science,Open Data,https://youtu.be/AggJQTgsaaU?t=346
150,https://docs.google.com/presentation/d/1lwPYHKFaH221S-Y8T8tk1phJpk7fsPA64kn3TfaGWHQ/edit#slide=id.g7e28a7e96f_0_0,Dasapta Erwin Irawan,"Earthquakes, preprints and everything in between","November 22, 2022",ols-6,Open Science,Open Data,https://youtu.be/HKsK9CCcQYU?t=2195
151,https://osf.io/w3v7j,Bethan Iley,Applying FAIR principles to (open) data management,"December 20, 2022",ols-6,Open Science,Open Data,https://youtu.be/I1Jks2PE0ME?t=581
152,https://doi.org/10.5281/zenodo.7938759,Esther Plomp,Open Data,"May 17, 2023",ols-7,Open Science,Open Data,https://youtu.be/CzkkO4wO2eQ?t=145
153,https://docs.google.com/presentation/d/1wiZuFoBXaoCIB92t9EcXtMRYXuFe5a2sg4R2E0Key5s/edit#slide=id.g2922b4986f7_0_744,Sarah Lippincott,"Prepare, curate, connect: amplifying your data’s impact through reuse","October 24, 2023",ols-8,Open Science,Open Data,
154,https://doi.org/10.5281/zenodo.13981241,Diana Pilvar,Open Data,"October 23, 2024",ols-9-catalyst,Open Science,Open Data,
155,,,"Prepare, curate, connect: amplifying your data’s impact through reuse","October 23, 2024",ols-9-dra,Open Science,Open Data,
156,https://zenodo.org/records/13981241,Diana Pilvar,Open Data,"October 23, 2024",ols-9-dra,Open Science,Open Data,
157,https://www.slideshare.net/gedankenstuecke/2020-0311openlifesciences,Bastian Greshake Tzovaras,Citizen science using your own personal data,"March 11, 2020",ols-1,Open Science,Open Engagement of Social Actors,https://youtu.be/HaQyv48sMPY?t=891
158,https://zenodo.org/record/4651431,Georgia Aitkenhead,Participatory Citizen Science,"March 31, 2021",ols-3,Open Science,Open Engagement of Social Actors,https://youtu.be/Vizk7fni5Eo?t=3792
159,,Yvan Le Bras,"Open / citizen sience, the only way to ","December 15, 2021",ols-4,Open Science,Open Engagement of Social Actors,https://youtu.be/DbqsS1-ueqI?t=1705
160,,Gilbert Beyamba,"Public engagement: Open Infrastructure, Citizen Science, Science Communication","May 30, 2022",ols-5,Open Science,Open Engagement of Social Actors,https://youtu.be/rUusShaYC4o?t=466
161,https://www.canva.com/design/DAFR7veE-rw/C_LmTG_0lzCxAYcSM-QZhQ/view?utm_content=DAFR7veE-rw&utm_campaign=designshare&utm_medium=link2&utm_source=sharebutton,Marco Anteghini,"Public engagement: Open Infrastructure, Citizen Science, Science Communication","December 20, 2022",ols-6,Open Science,Open Engagement of Social Actors,https://youtu.be/I1Jks2PE0ME?t=2115
162,,Umar Farouk Ahmad,Open engagement of social actors,"April 04, 2023",ols-7,Open Science,Open Engagement of Social Actors,https://youtu.be/ViqeEI3J9dY?t=3046
163,https://www.dropbox.com/scl/fi/gp2fy0bxspwmnbs8o0b1k/AOL_OLS.pdf?rlkey=s997hicfjfl54x1g05fipn5h7&dl=0 ,None,Open Engagement of Social Actors,"November 21, 2023",ols-8,Open Science,Open Engagement of Social Actors,https://youtu.be/NxWpBicnqC0?si=PqoCZ1lNQLwo5n7s&t=205
164,,Laura Carter,Open Engagement of Social Actors,"December 04, 2024",ols-9-catalyst,Open Science,Open Engagement of Social Actors,
165,,,Open Engagement of Social Actors,"November 20, 2024",ols-9-dra,Open Science,Open Engagement of Social Actors,
166,https://docs.google.com/presentation/d/1T3Z51l8XIRtUQtSooZvUZzH60rFS-n73bDQwGwH639Y/edit?usp=sharing,Caleb Kibet,Open Education and Training,"March 11, 2020",ols-1,Open Science,Open Educational Resources,https://youtu.be/HaQyv48sMPY?t=1879
167,,Laura Ación,Open Education and Training - MetaDocencia Case Study,"October 22, 2020",ols-2,Open Science,Open Educational Resources,https://youtu.be/0BkHqudkjWg?t=929
168,https://f1000research.com/slides/9-1294,Melissa Burke,Making training materials FAIR in 10 steps,"November 05, 2020",ols-2,Open Science,Open Educational Resources,https://youtu.be/ylqDx_ELfus?t=1108
169,https://docs.google.com/presentation/d/1MPxp0Y3qN6H35QNMrtcXOXkRhtx6Tbo89-GiBsrBkaA/edit#slide=id.g7e28a7e96f_0_60,Alexandra Holinski,FAIR training,"April 14, 2021",ols-3,Open Science,Open Educational Resources,https://youtu.be/j-rPaiojNFk?t=1380
170,https://docs.google.com/presentation/d/1AaZETO7piGCfhJP9_UoQGFOWKD5LA5Pg7X0r7rlfkts/edit?usp=sharing,Bérénice Batut,"Usable, comprehensive, accessible, FAIR and empowering training - The case of the Galaxy Training Network","November 17, 2021",ols-4,Open Science,Open Educational Resources,https://youtu.be/SfGHnCedkwY?t=205
171,https://docs.google.com/presentation/d/18g_OfcwiUmX-vZnshM0mfs8xutOkeF3iA-RSaTpJs0Y/edit#slide=id.g7e28a7e96f_0_0,Piraveen Gopalasingam,"Open access, Preprints","May 02, 2022",ols-5,Open Science,Open Educational Resources,https://youtu.be/TqzM6cAeBoI?t=3508
172,https://docs.google.com/presentation/d/1owHgPuJSTo4Y-flOlDI7FH4pPzSM2KHsiU9sGHk4JPs/edit?usp=sharing,Toby Hodges,Open Educational Resources,"November 21, 2023",ols-8,Open Science,Open Educational Resources,https://youtu.be/NxWpBicnqC0?si=kQOh0FUTS64sRJRi&t=1978
173,https://docs.google.com/presentation/d/1ixhngkO-wknExWIrA_Fqq8ddWYgqO0FzPM2TWz5cCss/edit#slide=id.p,None,Open Educational Resources,"October 23, 2024",ols-9-catalyst,Open Science,Open Educational Resources,
174,https://docs.google.com/presentation/d/1moP7pEBHYZjz7DXF5bs5ih-wbZXqyfCLtCA9zn-TO_o/edit#slide=id.p1,Godwyns Onwuchekwa,Open Educational Resources,"November 20, 2024",ols-9-dra,Open Science,Open Educational Resources,
175,https://f1000-my.sharepoint.com/:p:/g/personal/demitra_ellina_f1000_online/Ed5_RBaVrrlGmZzicLlHESsBzCy2eW52SzoNTE3VBkzEDQ?e=tLWn2E,Demitra Ellina,Pre-print and open review,"March 11, 2020",ols-1,Open Science,Open Access Publication,https://youtu.be/HaQyv48sMPY?t=2895
176,https://bit.ly/OLS-AfricArXiv,Umar Ahmad,Preprint in the Context of Open Science,"October 22, 2020",ols-2,Open Science,Open Access Publication,https://youtu.be/0BkHqudkjWg?t=2064
177,https://docs.google.com/presentation/d/18g_OfcwiUmX-vZnshM0mfs8xutOkeF3iA-RSaTpJs0Y/edit#slide=id.g7e28a7e96f_0_0,Iratxe Puebla,Let's talk #preprint,"March 31, 2021",ols-3,Open Science,Open Access Publication,https://youtu.be/Vizk7fni5Eo?t=710
178,https://docs.google.com/presentation/d/1ThmPqDzvdNvThXK0Q0hlCiRX6rG3Ha5IDbvfyy4YuPw/edit#slide=id.g7e28a7e96f_0_146,Marcel LaFlamme,Getting started with preprints,"November 17, 2021",ols-4,Open Science,Open Access Publication,https://youtu.be/SfGHnCedkwY?t=1862
179,,Alex Mendonça,Preprints,"May 02, 2022",ols-5,Open Science,Open Access Publication,https://youtu.be/TqzM6cAeBoI?t=209
180,https://docs.google.com/presentation/d/14wVZJauH4wT4GBJwz4gCA2AeV6kTPTRZRW1ZMhnJ2Yk/edit,Mallory Freeberg,"FAIR Principles
Promoting openness in science","November 22, 2022",ols-6,Open Science,Open Access Publication,https://youtu.be/HKsK9CCcQYU?t=198
181,https://doi.org/10.5281/zenodo.7946506,Godwyns Onwuchekwa,Brief overview of Open access publication,"May 17, 2023",ols-7,Open Science,Open Access Publication,https://youtu.be/CzkkO4wO2eQ?t=1341
182,https://docs.google.com/presentation/d/1_1Kn835pvhujGH6vQCyjUNrK-5R7BoTy/edit?usp=drive_link&ouid=102593070323036946386&rtpof=true&sd=true ,Scott Edmunds,Open Access Publication,"November 21, 2023",ols-8,Open Science,Open Access Publication,https://youtu.be/NxWpBicnqC0?si=sPc3fbZXk5l4zFu8&t=3733
183,https://docs.google.com/presentation/d/1whXW6pH_wLXZ9YG7IgSNAlK49mvMTz-A/edit?usp=sharing&ouid=101989895789810384353&rtpof=true&sd=true,None,Open Access Publication,"November 20, 2024",ols-9-catalyst,Open Science,Open Access Publication,
184,No slides,None,Open Access Publication,"November 20, 2024",ols-9-dra,Open Science,Open Access Publication,
185,https://docs.google.com/presentation/d/13d3BgND53cviFRnuQpmWk5UtMYtpSDqpUu9jq4ykNrM/edit?usp=sharing,Anita Bröllochs,Open Protocols,"March 11, 2020",ols-1,Open Science,Open Evaluation,https://youtu.be/HaQyv48sMPY?t=3708
186,https://docs.google.com/presentation/d/1_8Fp5DKh_XXwj34DwR-dzTvUCk1c0ynhy7MvmaHFFoA/edit?usp=sharing,Emma Ganley,Open Protocols,"October 22, 2020",ols-2,Open Science,Open Evaluation,https://youtu.be/0BkHqudkjWg?t=3557
187,https://docs.google.com/presentation/d/1lrodEXOSuh_01-EuLOi5hyZmDJ7xJBQaQ4iF3Ylvlyo/edit?usp=sharing,Lenny Teytelman,Open Protocols,"March 31, 2021",ols-3,Open Science,Open Evaluation,https://youtu.be/Vizk7fni5Eo?t=2287
188,https://drive.google.com/file/d/1BQ641IWIKjgC33ltqdAkEaxUkGljh3eL/view?usp=share_link,Olexandr Konovalov,Open Evaluation in JOSS - Journal of Open Source Software,"April 04, 2023",ols-7,Open Science,Open Evaluation,https://youtu.be/ViqeEI3J9dY?t=962
189,https://docs.google.com/presentation/d/1rwio6fCGD-Z1a3mAulE5r5bhQwPCpkNtQLm7jBM5u84/edit#slide=id.g2148fd0666b_0_292,Monica Granados,Why open reviews?,"October 24, 2023",ols-8,Open Science,Open Evaluation,
190,https://docs.google.com/presentation/d/1moP7pEBHYZjz7DXF5bs5ih-wbZXqyfCLtCA9zn-TO_o/edit?usp=sharing,Godwyns Onwuchekwa,Open Review and Open Evaluation,"November 20, 2024",ols-9-catalyst,Open Science,Open Evaluation,
191,,,Why open reviews?,"October 23, 2024",ols-9-dra,Open Science,Open Evaluation,
192,,,Why open reviews?,"October 23, 2024",ols-9-dra,Open Science,Open Evaluation,
193,,Bastian Greshake Tzovaras,Citizen Science,"October 22, 2020",ols-2,Open Science,Openness to Diversity of Knowledge,https://youtu.be/HaQyv48sMPY?t=860
194,https://docs.google.com/presentation/d/1i9ZS2bw_zefmjYBVTZSieyp4xI_T9PrH-pIiPeP3wY0/edit#slide=id.g21280744133_2_33 ,Batool Almarzouq,Openness to diversity of knowledge,"May 02, 2023",ols-7,Open Science,Openness to Diversity of Knowledge,https://youtu.be/iAckka2c6yc?t=2577
195,https://drive.google.com/file/d/1wBojj4JRtJ8JY55PRwpAKcMrqSuLZXNd/view?usp=sharing,Miguel Silan,How do we learn from each other in global large-scale collaborative research networks?,"October 24, 2023",ols-8,Open Science,Openness to Diversity of Knowledge,
196,,None,Diversity of knowledge: Bibliodiversity,"December 04, 2024",ols-9-catalyst,Open Science,Openness to Diversity of Knowledge,
197,,,How do we learn from each other in global large-scale collaborative research networks?,"October 23, 2024",ols-9-dra,Open Science,Openness to Diversity of Knowledge,
198,https://docs.google.com/presentation/d/1ixhngkO-wknExWIrA_Fqq8ddWYgqO0FzPM2TWz5cCss/edit#slide=id.p,None,Open Educational Resource,"October 23, 2024",ols-9-dra,Open Science,Openness to Diversity of Knowledge,
199,https://docs.google.com/presentation/d/18r-Zpec769BwP4TUAfG_ChGsOrdnU7Ber9ofjbLdwS8/edit?usp=sharing,Joy Owango,Open training in low and middle income settings ,"May 02, 2022",ols-5,Open Science,Open Science Infrastructures,https://youtu.be/TqzM6cAeBoI?t=2309
200,https://docs.google.com/presentation/d/1c5r83gUCdg_2_sS5LAB-7NLQccYfeN6OmkUSj_WFwGs/edit?usp=sharing,Owen Iyoha,Nigerian Open Science Highlights,"April 04, 2023",ols-7,Open Science,Open Science Infrastructures,https://youtu.be/ViqeEI3J9dY?t=1753
201,https://docs.google.com/presentation/d/1LemOmMyiAbL9_gjwPdxWE83C92WTfBRTL71tyPA-gcM/edit?usp=sharing,None,Open Science Infrastructures,"December 06, 2023",ols-8,Open Science,Open Science Infrastructures,https://youtu.be/Xu9TgBXRVZw?si=pHiUfXcq_uI7I5JB&t=1411
202,https://docs.google.com/presentation/d/1C_RurOY1W__HLRbPTTzmdYT-qdTpuF2qi7leL4Hzdok/edit#slide=id.g7e28a7e96f_0_0,Yo Yehudi,Agile and iterative project management methods,"February 26, 2020",ols-1,"Project, Community & Personal Management",Agile & Iteractive Project Management,https://youtu.be/hiLDGLfXa2s?t=165
203,https://docs.google.com/presentation/d/1CWnHXZHFDYFTqE2KKgZ8R5i_46XqAqnjy12gYSDESxk/edit?usp=sharing,Renato Alves,Agile and iterative project management methods,"October 08, 2020",ols-2,"Project, Community & Personal Management",Agile & Iteractive Project Management,https://youtu.be/fyz4gB4XPJk?t=410
204,https://docs.google.com/presentation/d/1MQZS-Nh_mlUJ2JMxzAHAbqP8q1ny_Ktxx0GX0vaj2a4/edit#slide=id.g7e28a7e96f_0_0,Renato Alves,Agile and iterative project management methods,"March 17, 2021",ols-3,"Project, Community & Personal Management",Agile & Iteractive Project Management,https://youtu.be/XkzCr3fiSCg?t=207
205,https://docs.google.com/presentation/d/1I_mQbmVHC1HHzqwyb8UvE3OYt4dALs4V/edit?usp=sharing&ouid=113525991197089671289&rtpof=true&sd=true,Nick Barlow,Agile & Iterative Project Management Methods,"October 20, 2021",ols-4,"Project, Community & Personal Management",Agile & Iteractive Project Management,https://youtu.be/kjhrrfF2fvM?t=2548
206,https://docs.google.com/presentation/d/1UhSKnz0deqsgzEHYdJGfFlOEN64_BIZ2GRjY6fKk44Y/edit?usp=sharing,,Using project management skills during development stage,"April 04, 2022",ols-5,"Project, Community & Personal Management",Agile & Iteractive Project Management,https://youtu.be/yCCNZH9JS-0?t=2381
207,https://docs.google.com/presentation/d/12pcWhXgmYwuAXo_h--lIFEqGgJoGmXcprguTKg8obLA/edit#slide=id.g6e56d0296c_0_0,Alex Chan,Agile & Iterative Project Management,"October 25, 2022",ols-6,"Project, Community & Personal Management",Agile & Iteractive Project Management,https://youtu.be/AggJQTgsaaU?t=2699
208,https://docs.google.com/presentation/d/1yaLMBcU1awyFZpeOQC2_QYDwlN-Z_dJ2GXNYDAm2jA8/edit?usp=sharing,Alex Chan,Inclusion can't be an afterthought,"March 25, 2020",ols-1,"Project, Community & Personal Management","Equity, Diversity and Inclusion (EDI)",https://youtu.be/81mG4L7S3Oc?t=749
209,https://alexwlchan.net/2020/03/inclusion-cant-be-an-afterthought/,Alex Chan,Inclusion not an afterthought,"December 03, 2020",ols-2,"Project, Community & Personal Management","Equity, Diversity and Inclusion (EDI)",https://youtu.be/Tl8MOTVznXs?t=742
210,https://drive.google.com/file/d/1Xofpeq6TUGKVhJRounufGnW62q_lewP6/view?usp=sharing,Rowland Mosbergen,Inclusion is not an afterthought or (Unconscious bias: Does it really matter?),"May 12, 2021",ols-3,"Project, Community & Personal Management","Equity, Diversity and Inclusion (EDI)",https://youtu.be/GdZ3kfKP43A?t=438
211,https://drive.google.com/file/d/1Xofpeq6TUGKVhJRounufGnW62q_lewP6/view?usp=sharing,,Inclusion is not an afterthought or (Unconscious bias: Does it really matter?),"December 01, 2021",ols-4,"Project, Community & Personal Management","Equity, Diversity and Inclusion (EDI)",https://youtu.be/tT-hmAWUFKI?t=965
212,https://drive.google.com/file/d/1Xofpeq6TUGKVhJRounufGnW62q_lewP6/view?usp=sharing,Rowland Mosbergen,Inclusion is not an afterthought or (Unconscious bias: Does it really matter?),"May 18, 2022",ols-5,"Project, Community & Personal Management","Equity, Diversity and Inclusion (EDI)",https://youtu.be/WH9Z3lyw9ik?t=433
213,https://docs.google.com/presentation/d/1Kf6Xw0pZr34JAYp1D48PdLxZKMfI2O_NLZ2SHyrMrl0/edit?usp=sharing,Piraveen Gopalasingam,Diversity and Inclusion,"December 07, 2022",ols-6,"Project, Community & Personal Management","Equity, Diversity and Inclusion (EDI)",https://youtu.be/M3fN65m00PU?t=33
214,https://drive.google.com/open?id=1ipIUc1t6ogOpyK9gU_PPgD-UvW0Gs73pMIAdCLOG72Y,Malvika Sharan,Mountain of Engagement & Community Interactions,"March 25, 2020",ols-1,"Project, Community & Personal Management",Mountain of Engagement,https://youtu.be/81mG4L7S3Oc?t=2264
215,https://docs.google.com/presentation/d/1NldyVwPU-_3lLCd8sZqWNeD3kKmF9VspTDzs58iKCk0/edit?usp=sharing,Tania Allard,Community interactions and mountain of engagements,"December 03, 2020",ols-2,"Project, Community & Personal Management",Mountain of Engagement,https://youtu.be/Tl8MOTVznXs?t=2322
216,https://docs.google.com/presentation/d/1-yxiApKB96HIeyLGl7m7uyNjcHW74VP-XV457B-Euw4/edit#slide=id.g459038e743_0_73,Emmy Tsang,Mountain of Engagement,"May 12, 2021",ols-3,"Project, Community & Personal Management",Mountain of Engagement,https://youtu.be/GdZ3kfKP43A?t=3725
217,https://docs.google.com/presentation/d/1-yxiApKB96HIeyLGl7m7uyNjcHW74VP-XV457B-Euw4/edit#slide=id.g459038e743_0_73,Chad Sansing,Mountain of Engagement,"November 03, 2021",ols-4,"Project, Community & Personal Management",Mountain of Engagement,https://youtu.be/Mu5Dq6KAMqA?t=1715
218,https://docs.google.com/presentation/d/1n_UBrrMoHcfdqtFIg0sDcA0H3yojsHMwbW8P38_W9-s/edit?usp=sharing,Chad Sansing,Mountain of Engagement,"April 20, 2022",ols-5,"Project, Community & Personal Management",Mountain of Engagement,https://youtu.be/X7RbljtdgAQ?t=146
219,https://docs.google.com/presentation/d/1ZmgEnKaED_4Nc9H_UhXC1G3J61qOcjAcuN7Un_RxxWo/edit#slide=id.gf6411d1bc9_1_1,Chad Sansing,Mountain of Engagement,"November 09, 2022",ols-6,"Project, Community & Personal Management",Mountain of Engagement,https://youtu.be/6ZlrGVxjd5Q?t=217
220,https://docs.google.com/presentation/d/1LBD99tpqT2GURtx6D4J8fl-Evjl9zxG43sj8GQlWGWc/edit#slide=id.p,Zannah Marsh,The Mountain of Engagement,"April 19, 2023",ols-7,"Project, Community & Personal Management",Mountain of Engagement,https://youtu.be/ycMEiZXmHp8?t=247
221,https://docs.google.com/presentation/d/1h0XAN45QdYZox2aWPi3VoYR-rpBKp09OA4-LQrFu00o/edit,Stefanie Butland,"Mountain of Engagement
","November 08, 2023",ols-8,"Project, Community & Personal Management",Mountain of Engagement,
222,https://docs.google.com/presentation/d/1eJXU9hQeAc7tY-jvL5LwZ-fufvEZJO6HSkAdia3liAc/edit#slide=id.g31274b3ee7b_0_42,Kirstie Whitaker,Mountain of Engagement,"November 06, 2024",ols-9-catalyst,"Project, Community & Personal Management",Mountain of Engagement,
223,https://docs.google.com/presentation/d/1eJXU9hQeAc7tY-jvL5LwZ-fufvEZJO6HSkAdia3liAc/edit?usp=sharing,Kirstie Whitaker,"Mountain of Engagement
","November 06, 2024",ols-9-dra,"Project, Community & Personal Management",Mountain of Engagement,
224,https://docs.google.com/presentation/d/1-rdQipVmJ5lWelQ1oEbi86EbFwTpDh5TLeJ2TAg-oo4/edit?usp=sharing,Kirstie Whitaker,Using Personas and Pathways to Build Community,"March 25, 2020",ols-1,"Project, Community & Personal Management",Personas & Pathways,https://youtu.be/81mG4L7S3Oc?t=2980
225,https://docs.google.com/presentation/d/1zAjdIylwTfavFDhPDB9-ykmW_DB-zUnpFjJ7tiNexcw/edit,Benjamin Krikler,Using Personas and Pathways to Build Community,"December 03, 2020",ols-2,"Project, Community & Personal Management",Personas & Pathways,https://youtu.be/Tl8MOTVznXs?t=4051
226,https://docs.google.com/presentation/d/e/2PACX-1vQBX5k9RiqQdh9Vjt4O07dUVKku4qI8UyE7Bhy9i0iJpEJETq4KbHeFhHmbv1IM5I0Z1qK-NQLlqNfX/pub?start=false&loop=false&delayms=3000,Anelda van der Walt,Personas & Pathways,"May 12, 2021",ols-3,"Project, Community & Personal Management",Personas & Pathways,https://youtu.be/GdZ3kfKP43A?t=2263
227,https://docs.google.com/presentation/d/e/2PACX-1vQBX5k9RiqQdh9Vjt4O07dUVKku4qI8UyE7Bhy9i0iJpEJETq4KbHeFhHmbv1IM5I0Z1qK-NQLlqNfX/pub?start=false&loop=false&delayms=3000,Batool Almarzouq,Using Personas and Pathways to Build Community,"November 03, 2021",ols-4,"Project, Community & Personal Management",Personas & Pathways,https://youtu.be/Mu5Dq6KAMqA?t=199
228,https://docs.google.com/presentation/d/1tYKBiCJdpXmTwwinsk4gF8eb9LIteJWnxEOfZOJgZbo/edit?usp=sharing,Anelda van der Walt,Designing & empowering for inclusivity: Personas & Pathways,"April 20, 2022",ols-5,"Project, Community & Personal Management",Personas & Pathways,https://youtu.be/X7RbljtdgAQ?t=1402
229,https://docs.google.com/presentation/d/1JmO4S1XVnsVUg2HCKHeoGHhWAF_Gbz8Vmd9mVwtFR_k/edit?usp=sharing,Meag Doherty,Using Personas and Pathways to Build Community,"April 19, 2023",ols-7,"Project, Community & Personal Management",Personas & Pathways,https://youtu.be/ycMEiZXmHp8?t=2341
230,,None,Personas and Pathways,"November 08, 2023",ols-8,"Project, Community & Personal Management",Personas & Pathways,
231,https://docs.google.com/presentation/d/1Ci9N89fFxWwAOkzllTDftcHnhQ4J_h4lERT8p8yTG1I/edit#slide=id.g21280744133_2_2,None,Personas and Pathways,"November 06, 2024",ols-9-catalyst,"Project, Community & Personal Management",Personas & Pathways,
232,https://docs.google.com/presentation/d/1Ci9N89fFxWwAOkzllTDftcHnhQ4J_h4lERT8p8yTG1I/edit#slide=id.g21280744133_2_2,None,Personas and Pathways,"November 06, 2024",ols-9-dra,"Project, Community & Personal Management",Personas & Pathways,
233,https://drive.google.com/open?id=18_gZqCMGDg2VvNOYM17k4vU9tcpXX7KlqKoXlCT1VkU,Yo Yehudi,Personal Ecology and Self Care ,"April 01, 2020",ols-1,"Project, Community & Personal Management",Personal Ecology,https://youtu.be/un4lsSMdAB0?t=3299
234,https://docs.google.com/presentation/d/e/2PACX-1vSyGYllxLypVdHxfc7wTPQTFshsGpwDxXTgxlQWm19Zd959-GiD098DMOdcW0K0KGYyLefyPrdhFeHF/pub?start=false&loop=false&delayms=3000#slide=id.p,,Personal Ecology and Self Care,"October 29, 2020",ols-2,"Project, Community & Personal Management",Personal Ecology,
235,https://docs.google.com/presentation/d/1lL8XQlP_lpqEbjGOhnivXq9oiAgVNCq164qntp-2Wp4/edit#slide=id.g70ef43ea53_0_132,Emmy Tsang,Personal Ecology and Self Care,"April 07, 2021",ols-3,"Project, Community & Personal Management",Personal Ecology,
236,https://docs.google.com/presentation/d/1lL8XQlP_lpqEbjGOhnivXq9oiAgVNCq164qntp-2Wp4/edit#slide=id.g70ef43ea53_0_132,Malvika Sharan,Personal Ecology and Self Care,"December 08, 2021",ols-4,"Project, Community & Personal Management",Personal Ecology,https://youtu.be/94FySX0WwPM?t=154
237,https://docs.google.com/presentation/d/1lL8XQlP_lpqEbjGOhnivXq9oiAgVNCq164qntp-2Wp4/edit#slide=id.g70ef43ea53_0_132,,Personal Ecology and Self Care,"May 23, 2022",ols-5,"Project, Community & Personal Management",Personal Ecology,
238,https://drive.google.com/file/d/1wtX0_5ZMO03dsoFliWyWSgbnTCkjpjY2/view?usp=share_link,Wendy Ingram,Personal Ecology and Self Care,"December 13, 2022",ols-6,"Project, Community & Personal Management",Personal Ecology,
239,https://docs.google.com/presentation/d/1LBD99tpqT2GURtx6D4J8fl-Evjl9zxG43sj8GQlWGWc/edit#slide=id.p,"Malvika Sharan, Mayya Sundukova",Personal Ecology and Self Care,"May 23, 2023",ols-7,"Project, Community & Personal Management",Personal Ecology,https://youtu.be/4KEakWZjJJA?t=21
240,,,Personal Ecology and Self Care,"December 12, 2023",ols-8,"Project, Community & Personal Management",Personal Ecology,
241,,Sara Villa,Personal Ecology and Self Care,"December 14, 2023",ols-8,"Project, Community & Personal Management",Personal Ecology,
242,https://docs.google.com/presentation/d/1-eaxorHL76DGMjcpmTzVDqcO-4Wz-W4VBoOtJa2py3U/edit?usp=sharing,Malvika Sharan,Ally Skills,"April 01, 2020",ols-1,"Project, Community & Personal Management",Ally Skills for Open Leaders,https://youtu.be/un4lsSMdAB0?t=3851
243,https://docs.google.com/presentation/d/1aIdwn5Jc1OM5gW9h6GW69ZIDNA7W3s9806-i1gzhNp8/edit?usp=sharing,,Ally skills - Optional,"December 01, 2021",ols-4,"Project, Community & Personal Management",Ally Skills for Open Leaders,https://youtu.be/tT-hmAWUFKI?t=2126
244,https://docs.google.com/presentation/d/1aIdwn5Jc1OM5gW9h6GW69ZIDNA7W3s9806-i1gzhNp8/edit?usp=sharing,,Ally skills - Optional,"May 18, 2022",ols-5,"Project, Community & Personal Management",Ally Skills for Open Leaders,https://youtu.be/WH9Z3lyw9ik?t=2263
245,,"Yo Yehudi, Ismael Kherroubi Garcia, Paz Bernaldo",Ally skills,"December 07, 2022",ols-6,"Project, Community & Personal Management",Ally Skills for Open Leaders,
246,https://docs.google.com/presentation/d/1s0uV2klFu8RyTCfpWIqL0lUjYlk6u_vx92v48nk-TU8/edit#slide=id.g6e991a6896_0_209,Bérénice Batut,Welcoming new contributions to your project,"May 12, 2021",ols-3,"Project, Community & Personal Management",Community Interactions,https://youtu.be/GdZ3kfKP43A?t=3927
247,https://docs.google.com/presentation/d/1z8rPZbaxJCQaRvNMhy72sfq6xJcf9RSturrPQtugLGU/edit#slide=id.g6e991a6896_0_209,Yo Yehudi,Community interactions,"May 12, 2021",ols-3,"Project, Community & Personal Management",Community Interactions,
248,https://docs.google.com/presentation/d/1s0uV2klFu8RyTCfpWIqL0lUjYlk6u_vx92v48nk-TU8/edit#slide=id.g6e991a6896_0_209,Anna e só,Welcoming new contributors + Thinking about community interactions,"November 03, 2021",ols-4,"Project, Community & Personal Management",Community Interactions,https://youtu.be/Mu5Dq6KAMqA?t=2752
249,https://docs.google.com/presentation/d/1kTyCM574JDxFdXqhqKFWPZnCvI2FUFdtCTq6Lhpx7Nw,Yo Yehudi,Welcoming New Contributors on Your Project,"April 20, 2022",ols-5,"Project, Community & Personal Management",Community Interactions,https://youtu.be/X7RbljtdgAQ?t=2971
250,https://docs.google.com/presentation/d/1p_r-mgcOWJD34Tc4V_dgkksmoPjUsILHecSdQuxwyQE/edit?usp=sharing,Jeffrey Warren,Hardware and inclusive structures for collaborative work,"November 09, 2022",ols-6,"Project, Community & Personal Management",Community Interactions,https://youtu.be/6ZlrGVxjd5Q?t=3117
251,"https://www.canva.com/design/DAFzgYpRlK0/mZMFILlfyqntsOZMw81zcg/edit?utm_content=DAFzgYpRlK0&utm_campaign=designshare&utm_medium=link2&utm_source=sharebutton
",None,Community Interaction ,"November 08, 2023",ols-8,"Project, Community & Personal Management",Community Interactions,
252,No presentation,Chris Hartgerink,Community Interaction ,"November 06, 2024",ols-9-catalyst,"Project, Community & Personal Management",Community Interactions,
253,No slides,Chris Hartgerink,Community Interaction ,"November 06, 2024",ols-9-dra,"Project, Community & Personal Management",Community Interactions,
254,https://docs.google.com/presentation/d/1_0LMMqMrcDh9IfGOv45jXNkxPku3mdehcb51QjVaTCI/present,Melissa Black,"Personas, community design for inclusivity","November 09, 2022",ols-6,"Project, Community & Personal Management",Community Design for Inclusivity,https://youtu.be/6ZlrGVxjd5Q?t=1998
255,https://docs.google.com/presentation/d/13FfUMZ-_jd1bUNyVXG_Rwk51GLOp8rsFHRMCRpXebBE/edit?usp=sharing,Fotis Psomopoulos,Leadership in Academia,"April 01, 2020",ols-1,Open Leadership,Open Leadership in Practice,https://youtu.be/un4lsSMdAB0?t=246
256,https://docs.google.com/presentation/d/1Cx6XAxZMt3jlU8O8DM8fCYemjmzgHUd6Sx8-MI3kIz0/edit?usp=sharing,Beth Duckles,Becoming a Post Academic ,"April 01, 2020",ols-1,Open Leadership,Open Leadership in Practice,https://youtu.be/un4lsSMdAB0?t=1433
257,,Jason Williams,Leadership in training and education,"April 01, 2020",ols-1,Open Leadership,Open Leadership in Practice,https://youtu.be/un4lsSMdAB0?t=2256
258,https://docs.google.com/presentation/d/1jeTk_PzsWpaR4DRmBrbrDGol2_drPEizp26o4d8jnnA/edit?usp=sharing,Rachael Ainsworth,Community building,"November 19, 2020",ols-2,Open Leadership,Open Leadership in Practice,https://youtu.be/hS-6GE0X2UY?t=149
259,https://docs.google.com/presentation/d/1RsvcKd_5uW-TtawLAOw6N95gOLO6MinN0I94dUIII8s/edit,Natasha Wood,Navigating a career through academia and industry/start-up,"November 19, 2020",ols-2,Open Leadership,Open Leadership in Practice,https://youtu.be/hS-6GE0X2UY?t=917
260,,Andrew Stewart,Academia,"November 19, 2020",ols-2,Open Leadership,Open Leadership in Practice,https://youtu.be/hS-6GE0X2UY?t=1495
261,https://drive.google.com/file/d/1i1g9pxmkW8gr4f3S380NBJ6-k8GGVnrx/view?usp=sharing,Ekin Bolukbasi,"Data Challenges Manager, Wellcome","November 19, 2020",ols-2,Open Leadership,Open Leadership in Practice,https://youtu.be/hS-6GE0X2UY?t=2333
262,https://docs.google.com/presentation/d/1Sac0MqvkmgK4vWSDrdiEkEWUdgyznySX45WDpV-XkyQ/edit?usp=sharing,David Selassie Opoku,Social entrepreneurship,"November 19, 2020",ols-2,Open Leadership,Open Leadership in Practice,https://youtu.be/hS-6GE0X2UY?t=3016
263,,David Selassie Opoku,Social entrepreneurship,"April 28, 2021",ols-3,Open Leadership,Open Leadership in Practice,https://youtu.be/EMVGOapd0M4?t=146
264,,Thomas Mboa,Open Lab and Makers movement,"April 28, 2021",ols-3,Open Leadership,Open Leadership in Practice,https://youtu.be/EMVGOapd0M4?t=888
265,,Zulidyana Rusnalasari,Journal and public relations,"April 28, 2021",ols-3,Open Leadership,Open Leadership in Practice,https://youtu.be/EMVGOapd0M4?t=1595
266,,Natalie Banner,Talking about data in trustworthy ways,"April 28, 2021",ols-3,Open Leadership,Open Leadership in Practice,https://youtu.be/EMVGOapd0M4?t=2951
267,,Manuel Corpas,"Post-academia career path, Social entrepreneurship","November 10, 2021",ols-4,Open Leadership,Open Leadership in Practice,
268,,,"Academic leadership, group or project leaders","November 10, 2021",ols-4,Open Leadership,Open Leadership in Practice,
269,,,"Community building, Science Communication","November 10, 2021",ols-4,Open Leadership,Open Leadership in Practice,
270,,Aki MacFarlane,"Policymakers, funders, meta-researchers","November 10, 2021",ols-4,Open Leadership,Open Leadership in Practice,
271,,Mayya Sundukova,"Academic leadership, group or project leaders","April 25, 2022",ols-5,Open Leadership,Open Leadership in Practice,https://youtu.be/xIYmPhYsqrE?t=215
272,,Jason Williams,"Post-academia career path, Social entrepreneurship","April 25, 2022",ols-5,Open Leadership,Open Leadership in Practice,https://youtu.be/xIYmPhYsqrE?t=2420
273,,Melissa Weber Mendonça,"Post-academia career path, Social entrepreneurship","April 25, 2022",ols-5,Open Leadership,Open Leadership in Practice,https://youtu.be/xIYmPhYsqrE?t=3512
274,,Angela Okune,Open Leadership in Practice,"April 25, 2022",ols-5,Open Leadership,Open Leadership in Practice,
275,https://docs.google.com/presentation/d/1a9OlvL9AY8EMbZm3JPg6dESfbqIdVudpA1IbnznzG2M/edit#slide=id.g7e28a7e96f_0_0,Elisee Jafsia,"Academic leadership, group or project leaders","November 15, 2022",ols-6,Open Leadership,Open Leadership in Practice,https://youtu.be/5fTXmHIKaL4?t=149
276,https://docs.google.com/presentation/d/1MzbVKP8zcKC-SRJlpXUwFOHxl1OxssZO_lq4sKghzLo/edit?usp=sharing,Daniela Duca,Open secrets to finding your path,"November 15, 2022",ols-6,Open Leadership,Open Leadership in Practice,https://youtu.be/5fTXmHIKaL4?t=1813
277,,Olya Vvedenskaya,Post Academia Career Path & Social Entrepreneurship,"November 15, 2022",ols-6,Open Leadership,Open Leadership in Practice,https://youtu.be/5fTXmHIKaL4?t=3370
278,,Chris Hartgerink,Social enterprise,"April 25, 2023",ols-7,Open Leadership,Open Leadership in Practice,https://youtu.be/8xfQrbnm_Io?t=221
279,https://docs.google.com/presentation/d/1DvXK_F28DRRTQWjTSx1JpBzcH-YP6EIL0_JszOvmn9U/edit?usp=sharing,Anshu Bharadwaj,Open Science and its impact on global science and community,"April 25, 2023",ols-7,Open Leadership,Open Leadership in Practice,https://youtu.be/8xfQrbnm_Io?t=1185
280,,Pragya Chaube,"Policymakers, funders, meta-researchers","April 25, 2023",ols-7,Open Leadership,Open Leadership in Practice,https://youtu.be/8xfQrbnm_Io?t=2799
281,https://docs.google.com/presentation/d/e/2PACX-1vTGvkY_nR0q7jpeq03zeusawgIEZP5BIA0NZM-I85OoCGuJkxef8CJuOuoyO7NMfifXcX3MN4a7PCCX/pub,,Introduction to Open Leadership in Practice,"November 14, 2023",ols-8,Open Leadership,Open Leadership in Practice,
282,,None,Open Leadership in Practice,"November 14, 2023",ols-8,Open Leadership,Open Leadership in Practice,
283,,Neema Iyer,Open Leadership in Practice,"November 14, 2023",ols-8,Open Leadership,Open Leadership in Practice,
284,,Yo Yehudi,Open Leadership in Practice,"November 14, 2023",ols-8,Open Leadership,Open Leadership in Practice,
285,https://docs.google.com/presentation/d/e/2PACX-1vRMgRqYBbe7MPY3yQA5cj8m4BNlJdnLpXtvmka5tql27HLeypmyxZxvwpYxOWnBGQ/pub?start=false&loop=false&delayms=3000 ,Malvika Sharan,Open Leadership in Open Science,"October 15, 2024",ols-9-dra,Open Leadership,Open Leadership in Practice,
286,https://docs.google.com/presentation/d/e/2PACX-1vTCjL3-TcltgCN9RcRvooI-wUViuSFgtfm0pnXNGer5K7APtZKdtN4ITy8HdZkJBEcRzQFhOmmnH-23/pub,,Open Science Garden(s),"October 24, 2023",ols-8,Not sorted,Not tagged,
287,https://docs.google.com/presentation/d/e/2PACX-1vRLTEtATIrUcuxbjrPv3nBNNWqxPE4bX8U3n-bkIaNd2DxXsWWFXsdwzQyGsBurNXp9QAcT0yPA-ocv/pub,,Community Design for Inclusivity,"November 08, 2023",ols-8,Not sorted,Not tagged,
288,https://docs.google.com/presentation/d/e/2PACX-1vQv96-8vH1QoMyZ6oKj_BL0Bma3j195KI2rUkGBJvXmPjNZ-_unXkZWAkPlzixw8M5ykgiAkD0hNEMW/pub?start=false&loop=false&delayms=3000,,Open Science Garden(s),"November 21, 2023",ols-8,Not sorted,Not tagged,
289,https://docs.google.com/presentation/d/e/2PACX-1vRQmPldM2vu5hoUX2FpdUKuSY8-krnsaqoLP_mg-H3OdGOiTLZO99Ey-1a_PAkhlsi09TzLiPgp__dc/pub,,Open-source software in practice,"November 29, 2023",ols-8,Not sorted,Not tagged,
290,https://docs.google.com/presentation/d/e/2PACX-1vRoO3gcS1koiKYhncvBBnvI9qdMqYjEQ-BH3OKcMGHuCVdsB1nVOXpjg0_9DNXg9D4XfL8BhRpXpH_K/pub,,Open Science Garden(s),"December 06, 2023",ols-8,Not sorted,Not tagged,https://youtu.be/Xu9TgBXRVZw?si=FOd5dm8Q78Pn_t7K&t=131
291,https://docs.google.com/presentation/d/15fHd7EiNt4G1tRDb-Eaycz9U3Ko5L1RI6_sWBVw8Yq4/edit?usp=sharing,Diana Pilvar,Documentation and metadata,"December 08, 2023",ols-8,Not sorted,Not tagged,
292,,Rachael Ainsworth,How to run inclusive meetings and get community input,"December 20, 2023",ols-8,Not sorted,Not tagged,
293,https://docs.google.com/presentation/d/e/2PACX-1vRGJ1zPXlvoGHyjnGTAHCgMDrvi7_ZQGO0nZkV9VN7WOxY8i1eENnQ2pv9Xk6LZOQ/pub?start=false&loop=false&delayms=3000&slide=id.p1,Tajuddeen Gwadabe,GitHub for Collaboration,"October 16, 2024",ols-9-catalyst,Not sorted,Not tagged,
294,https://docs.google.com/presentation/d/e/2PACX-1vT5ErsPBpTC-KPMIBVSqYYCbPaMk7Cd6cMI3CpJPZbElR6VXepB3EIPTd7LRmjWOg/pub?start=false&loop=false&delayms=3000&slide=id.p1,Deborah Udoh,Introduction to GitHub,"October 16, 2024",ols-9-catalyst,Not sorted,Not tagged,
295,https://docs.google.com/presentation/d/e/2PACX-1vSEfshqEIVtV81kuKFQL00-TtjfTjBA6OBXkEs_VixJ0ptJXE5Nued6-bBKPSkjUA/pub?start=false&loop=false&delayms=3000&slide=id.p1,Tajuddeen Gwadabe,Community Design for Inclusivity,"November 06, 2024",ols-9-catalyst,Not sorted,Not tagged,
296,https://docs.google.com/presentation/d/e/2PACX-1vRvZgO4mhul2N575YsayBI1EFDmCIneKg47A9YAXRS8PMafLUgQ8s3COoL86I6XuQ/pub?start=false&loop=false&delayms=3000&slide=id.p1,Tajuddeen Gwadabe,Open-source software in practice,"November 13, 2024",ols-9-catalyst,Not sorted,Not tagged,
297,https://docs.google.com/presentation/d/e/2PACX-1vQiOSkedwkI8IkMCL_gWJ_qevHZhcHej6PP8otv7BPFoBRqJiEU8BGpc1V6d2Y7jg/pub?start=false&loop=false&delayms=3000,Malvika Sharan,Open Science Garden(s),"November 20, 2024",ols-9-catalyst,Not sorted,Not tagged,
298,https://docs.google.com/presentation/d/e/2PACX-1vTx3oylG4TpcsIXJPXuvNluZSdqJZoRI_6b76Lv5VgdyvymmE91gU1x-MfKCnvwdg/pub?start=false&loop=false&delayms=3000&slide=id.p1,Malvika Sharan,Open Science Garden(s),"December 04, 2024",ols-9-catalyst,Not sorted,Not tagged,
299,,,GitHub for Collaboration,"October 16, 2024",ols-9-dra,Not sorted,Not tagged,
300,,,Vision statement,"October 17, 2024",ols-9-dra,Not sorted,Not tagged,
301,,,Open Science Garden(s),"October 23, 2024",ols-9-dra,Not sorted,Not tagged,
302,https://docs.google.com/presentation/d/e/2PACX-1vRGqWI6y7LyyZr-3GUhvouyg6N_Gnju5S0MFcDdbMn2V19Ddk8Z-62FSBr1tNVSCA/pub?start=false&loop=false&delayms=3000,None,Open Science Garden(s),"October 23, 2024",ols-9-dra,Not sorted,Not tagged,
303,,,Community Design for Inclusivity,"November 06, 2024",ols-9-dra,Not sorted,Not tagged,
304,https://docs.google.com/presentation/d/122OcEk4tYbo5ZI4isS4KbOYxGFiTBesR/edit?rtpof=true,Olaitan Awe,Good Coding Practices,"November 13, 2024",ols-9-dra,Not sorted,Not tagged,https://youtu.be/nD-J3oXJYoo?si=-f-ic6uGoCK0ggwe&t=1759
305,https://docs.google.com/presentation/d/1ybkgxS1W4_6cDakrEin3R7LYqYrUSWdLHErFsuyfsSY/edit?usp=sharing ,Bastian Greshake Tzovaras,Code Review,"November 13, 2024",ols-9-dra,Not sorted,Not tagged,https://youtu.be/nD-J3oXJYoo?si=PPQUKl_NwT7cCPh0&t=427
306,https://docs.google.com/presentation/d/1ewt5jgfs7q5xO_fMOmoT08sV4iMGBNV_/edit#slide=id.p1,Ruth Nanjala,Package Managements,"November 13, 2024",ols-9-dra,Not sorted,Not tagged,https://youtu.be/nD-J3oXJYoo?si=S3-ecJ5ibIUszQ_u&t=3183
307,,,Open Science Garden(s),"November 20, 2024",ols-9-dra,Not sorted,Not tagged,
308,,,Personal Ecology and Self Care,"November 27, 2024",ols-9-dra,Not sorted,Not tagged,
309,,,Open Science Garden(s),"December 04, 2024",ols-9-dra,Not sorted,Not tagged,
