,id,country,country_3,city,longitude,latitude,cohort,role
0,0sahene,Ghana,GHA,Tamale,-0.8423986,9.4051992,5,participant
1,0x174,United States,USA,Boston,-71.060511,42.3554334,3,participant
2,4iro,Argentina,ARG,Buenos Aires,-58.4370894,-34.6075682,7,participant
3,4iro,Argentina,ARG,Buenos Aires,-58.4370894,-34.6075682,8,mentor
4,aath0,Switzerland,CHE,,,,1,expert
5,aath0,Switzerland,CHE,,,,2,expert
6,abdulelahsm,Saudi Arabia,SAU,Dammam,50.1039991,26.4367824,3,participant
7,abraham-dabengwa,South Africa,ZAF,Johannesburg,28.049722,-26.205,5,participant
8,abretaud,France,FRA,Rennes,-1.6800198,48.1113387,4,mentor
9,acocac,United Kingdom,GBR,London,-0.14405508452768728,51.4893335,4,participant
10,acocac,United Kingdom,GBR,London,-0.14405508452768728,51.4893335,5,mentor
11,adam-gristwood,Germany,DEU,Heidelberg,8.694724,49.4093582,3,expert
12,afzal442,India,IND,,,,3,participant
13,agbeltran,United Kingdom,GBR,,,,2,expert
14,agossoubido2021,Benin,BEN,Abomey Calavi,2.3303076367454025,6.51096225,5,participant
15,ahoyi,Nigeria,NGA,,,,7,speaker
16,aida-turing,United Kingdom,GBR,London,-0.14405508452768728,51.4893335,3,participant
17,aidanbudd,Germany,DEU,Heidelberg,8.694724,49.4093582,1,expert
18,aidanbudd,Germany,DEU,Heidelberg,8.694724,49.4093582,1,mentor
19,aidanbudd,Germany,DEU,Heidelberg,8.694724,49.4093582,2,expert
20,aidanbudd,Germany,DEU,Heidelberg,8.694724,49.4093582,2,mentor
21,aidanbudd,Germany,DEU,Heidelberg,8.694724,49.4093582,3,expert
22,ailís-o'carroll,Ireland,IRL,,,,7,mentor
23,ajstewartlang,United Kingdom,GBR,Manchester,-2.2451148,53.4794892,1,expert
24,ajstewartlang,United Kingdom,GBR,Manchester,-2.2451148,53.4794892,1,mentor
25,ajstewartlang,United Kingdom,GBR,Manchester,-2.2451148,53.4794892,1,speaker
26,ajstewartlang,United Kingdom,GBR,Manchester,-2.2451148,53.4794892,2,expert
27,ajstewartlang,United Kingdom,GBR,Manchester,-2.2451148,53.4794892,2,mentor
28,ajstewartlang,United Kingdom,GBR,Manchester,-2.2451148,53.4794892,2,speaker
29,ajstewartlang,United Kingdom,GBR,Manchester,-2.2451148,53.4794892,4,expert
30,ajstewartlang,United Kingdom,GBR,Manchester,-2.2451148,53.4794892,5,speaker
31,akalikadien,Netherlands,NLD,Delft,4.362724538543995,51.999457199999995,5,participant
32,aldenc,United Kingdom,GBR,London,-0.14405508452768728,51.4893335,6,participant
33,alecandian,Netherlands,NLD,,,,5,participant
34,alecandian,Netherlands,NLD,,,,6,expert
35,alecandian,Netherlands,NLD,,,,6,mentor
36,aleesteele,United Kingdom,GBR,London,-0.14405508452768728,51.4893335,5,participant
37,aleesteele,United Kingdom,GBR,London,-0.14405508452768728,51.4893335,6,expert
38,aleesteele,United Kingdom,GBR,London,-0.14405508452768728,51.4893335,6,mentor
39,alettes,South Africa,ZAF,Makhanda Grahamstown,26.496243,-33.2885486,8,participant
40,alex-mendonça,Brazil,BRA,,,,5,speaker
41,alexholinski,United Kingdom,GBR,,,,3,expert
42,alexholinski,United Kingdom,GBR,,,,3,speaker
43,alexholinski,United Kingdom,GBR,,,,4,expert
44,alexholinski,United Kingdom,GBR,,,,4,mentor
45,alexholinski,United Kingdom,GBR,,,,5,expert
46,alexwlchan,United Kingdom,GBR,,,,1,speaker
47,alexwlchan,United Kingdom,GBR,,,,2,expert
48,alexwlchan,United Kingdom,GBR,,,,2,speaker
49,alexwlchan,United Kingdom,GBR,,,,3,expert
50,alexwlchan,United Kingdom,GBR,,,,4,expert
51,alexwlchan,United Kingdom,GBR,,,,4,speaker
52,alexwlchan,United Kingdom,GBR,,,,5,expert
53,alexwlchan,United Kingdom,GBR,,,,6,speaker
54,alexwlchan,United Kingdom,GBR,,,,8,expert
55,aliaslaurel,Argentina,ARG,Córdoba,-4.7760138,37.8845813,6,expert
56,alihumayun,United Kingdom,GBR,London,-0.14405508452768728,51.4893335,3,participant
57,alihumayun,United Kingdom,GBR,London,-0.14405508452768728,51.4893335,4,participant
58,amangoel185,United Kingdom,GBR,Manchester,-2.2451148,53.4794892,6,participant
59,amangoel185,United Kingdom,GBR,Manchester,-2.2451148,53.4794892,7,facilitator
60,amber-koert,Netherlands,NLD,Amsterdam,4.8924534,52.3730796,8,participant
61,amchagas,United Kingdom,GBR,,,,3,speaker
62,amchagas,United Kingdom,GBR,,,,7,speaker
63,anafinovas,Hungary,HUN,Budapest,19.14609412691246,47.48138955,7,participant
64,anayan321,Thailand,THA,Bangkok,100.6224463,13.8245796,1,participant
65,anayan321,Thailand,THA,Bangkok,100.6224463,13.8245796,4,expert
66,andre-vargas-de,Bolivia,,Cochabamba,-66.1568983,-17.3936114,5,participant
67,andreasancheztapia,Colombia,COL,"Merced, CA",-120.7678602,37.1641544,6,expert
68,andreasancheztapia,Colombia,COL,"Merced, CA",-120.7678602,37.1641544,6,mentor
69,andreasancheztapia,Colombia,COL,"Merced, CA",-120.7678602,37.1641544,6,mentor
70,andreasancheztapia,Colombia,COL,"Merced, CA",-120.7678602,37.1641544,7,speaker
71,andreea-avramescu,United Kingdom,GBR,Manchester,-2.2451148,53.4794892,4,participant
72,anelda,South Africa,ZAF,Overberg,5.4964645,52.0390484,2,mentor
73,anelda,South Africa,ZAF,Overberg,5.4964645,52.0390484,3,mentor
74,anelda,South Africa,ZAF,Overberg,5.4964645,52.0390484,3,speaker
75,anelda,South Africa,ZAF,Overberg,5.4964645,52.0390484,5,speaker
76,anelda,South Africa,ZAF,Overberg,5.4964645,52.0390484,6,participant
77,anenadic,United Kingdom,GBR,Manchester,-2.2451148,53.4794892,1,expert
78,anenadic,United Kingdom,GBR,Manchester,-2.2451148,53.4794892,2,expert
79,anenadic,United Kingdom,GBR,Manchester,-2.2451148,53.4794892,2,speaker
80,anenadic,United Kingdom,GBR,Manchester,-2.2451148,53.4794892,3,expert
81,angelicamaineri,Netherlands,NLD,,,,7,participant
82,angelicamaineri,Netherlands,NLD,,,,8,expert
83,anita-broellochs,United States,USA,,,,1,speaker
84,anita-broellochs,United States,USA,,,,2,expert
85,anita-broellochs,United States,USA,,,,2,mentor
86,anjali-mazumder,United Kingdom,GBR,,,,2,mentor
87,annakrystalli,United Kingdom,GBR,Sheffield,-1.4702278,53.3806626,1,expert
88,annakrystalli,United Kingdom,GBR,Sheffield,-1.4702278,53.3806626,3,expert
89,annakrystalli,United Kingdom,GBR,Sheffield,-1.4702278,53.3806626,3,mentor
90,annalee-sekulic,United States,USA,Columbus,-83.0007065,39.9622601,3,participant
91,annambiller,Germany,DEU,Munich,11.5753822,48.1371079,7,participant
92,anneclinio,Brazil,BRA,,,,1,expert
93,annefou,Norway,NOR,Oslo,10.7389701,59.9133301,4,expert
94,annefou,Norway,NOR,Oslo,10.7389701,59.9133301,4,mentor
95,annefou,Norway,NOR,Oslo,10.7389701,59.9133301,5,mentor
96,annemtreasure,South Africa,ZAF,Cape Town,18.417396,-33.928992,5,expert
97,annemtreasure,South Africa,ZAF,Cape Town,18.417396,-33.928992,5,mentor
98,annemtreasure,South Africa,ZAF,Cape Town,18.417396,-33.928992,6,mentor
99,anproulx,Canada,CAN,,,,2,participant
100,anshika-sah,India,IND,New Delhi,77.2090057,28.6138954,3,participant
101,antonioggsousa,Portugal,PRT,Oeiras,-9.271300382407272,38.7124971,3,participant
102,antonis-koutsoumpis,Netherlands,NLD,Amsterdam,4.8924534,52.3730796,8,participant
103,arentkievits,Netherlands,NLD,Delft,4.362724538543995,51.999457199999995,4,participant
104,ariana-bethany-subroyen,,,,,,6,participant
105,arianna-cortesi,Brazil,BRA,Rio De Janeiro,-43.2093727,-22.9110137,7,participant
106,ariannazuanazzi,United States,USA,New York City,-74.0060152,40.7127281,8,participant
107,arielle-bennett,United Kingdom,GBR,Stevenage,-0.2027155,51.9016663,2,expert
108,arielle-bennett,United Kingdom,GBR,Stevenage,-0.2027155,51.9016663,2,mentor
109,arielle-bennett,United Kingdom,GBR,Stevenage,-0.2027155,51.9016663,3,expert
110,arielle-bennett,United Kingdom,GBR,Stevenage,-0.2027155,51.9016663,4,expert
111,arielle-bennett,United Kingdom,GBR,Stevenage,-0.2027155,51.9016663,4,mentor
112,arielle-bennett,United Kingdom,GBR,Stevenage,-0.2027155,51.9016663,5,mentor
113,arielle-bennett,United Kingdom,GBR,Stevenage,-0.2027155,51.9016663,6,expert
114,arielle-bennett,United Kingdom,GBR,Stevenage,-0.2027155,51.9016663,6,mentor
115,arielle-bennett,United Kingdom,GBR,Stevenage,-0.2027155,51.9016663,7,mentor
116,arielle-bennett,United Kingdom,GBR,Stevenage,-0.2027155,51.9016663,8,facilitator
117,arielle-bennett,United Kingdom,GBR,Stevenage,-0.2027155,51.9016663,8,mentor
118,arvinpreet-kaur,India,IND,,,,3,participant
119,ashutosh-tiwari,India,IND,"Bilaspur, Chhattisgarh",82.1476475,22.0785627,3,participant
120,astroakanksha24,India,IND,,,,5,participant
121,augustincaitlin,United States,USA,Orlando,-81.3790304,28.5421109,4,participant
122,aurigandrea,,,,,,5,participant
123,ayeshadunk,United Kingdom,GBR,London,-0.14405508452768728,51.4893335,5,participant
124,aymd23,Nigeria,NGA,Ibadan,3.8972497,7.3777462,7,participant
125,b14-rsa,South Africa,ZAF,Johannesburg,28.049722,-26.205,5,participant
126,babari-a-babari-michelle-freddia,Cameroon,CMR,Yaoundé,11.5213344,3.8689867,7,participant
127,babasaraki,Nigeria,NGA,Bauchi,10.0287754,10.6228284,2,speaker
128,babasaraki,Nigeria,NGA,Bauchi,10.0287754,10.6228284,5,participant
129,babasaraki,Nigeria,NGA,Bauchi,10.0287754,10.6228284,6,participant
130,bailey-harrington,United States,USA,,,,2,participant
131,bakary-n'tji diallo,Mali,MLI,,,,2,participant
132,banshee1221,South Africa,ZAF,,,,2,participant
133,batoolmm,Saudi Arabia,SAU,Liverpool,-2.99168,53.4071991,3,participant
134,batoolmm,Saudi Arabia,SAU,Liverpool,-2.99168,53.4071991,4,facilitator
135,batoolmm,Saudi Arabia,SAU,Liverpool,-2.99168,53.4071991,4,participant
136,batoolmm,Saudi Arabia,SAU,Liverpool,-2.99168,53.4071991,4,speaker
137,batoolmm,Saudi Arabia,SAU,Liverpool,-2.99168,53.4071991,5,facilitator
138,batoolmm,Saudi Arabia,SAU,Liverpool,-2.99168,53.4071991,5,mentor
139,batoolmm,Saudi Arabia,SAU,Liverpool,-2.99168,53.4071991,6,expert
140,batoolmm,Saudi Arabia,SAU,Liverpool,-2.99168,53.4071991,6,facilitator
141,batoolmm,Saudi Arabia,SAU,Liverpool,-2.99168,53.4071991,6,mentor
142,batoolmm,Saudi Arabia,SAU,Liverpool,-2.99168,53.4071991,7,speaker
143,bbartholdy,Netherlands,NLD,,,,8,mentor
144,bduckles,United States,USA,"Portland, Oregon",-122.674194,45.5202471,1,speaker
145,bduckles,United States,USA,"Portland, Oregon",-122.674194,45.5202471,2,expert
146,bduckles,United States,USA,"Portland, Oregon",-122.674194,45.5202471,3,expert
147,bduckles,United States,USA,"Portland, Oregon",-122.674194,45.5202471,3,mentor
148,bduckles,United States,USA,"Portland, Oregon",-122.674194,45.5202471,4,expert
149,bduckles,United States,USA,"Portland, Oregon",-122.674194,45.5202471,4,mentor
150,beapdk,Canada,CAN,,,,2,participant
151,beatrizserrano,Germany,DEU,Freiburg,7.8494005,47.9960901,2,participant
152,beatrizserrano,Germany,DEU,Freiburg,7.8494005,47.9960901,3,expert
153,beatrizserrano,Germany,DEU,Freiburg,7.8494005,47.9960901,5,mentor
154,beatrizserrano,Germany,DEU,Freiburg,7.8494005,47.9960901,7,participant
155,bebatut,France,FRA,Clermont-Ferrand,3.0819427,45.7774551,1,organizer
156,bebatut,France,FRA,Clermont-Ferrand,3.0819427,45.7774551,1,speaker
157,bebatut,France,FRA,Clermont-Ferrand,3.0819427,45.7774551,2,expert
158,bebatut,France,FRA,Clermont-Ferrand,3.0819427,45.7774551,2,organizer
159,bebatut,France,FRA,Clermont-Ferrand,3.0819427,45.7774551,2,speaker
160,bebatut,France,FRA,Clermont-Ferrand,3.0819427,45.7774551,3,expert
161,bebatut,France,FRA,Clermont-Ferrand,3.0819427,45.7774551,3,organizer
162,bebatut,France,FRA,Clermont-Ferrand,3.0819427,45.7774551,3,mentor
163,bebatut,France,FRA,Clermont-Ferrand,3.0819427,45.7774551,3,mentor
164,bebatut,France,FRA,Clermont-Ferrand,3.0819427,45.7774551,3,mentor
165,bebatut,France,FRA,Clermont-Ferrand,3.0819427,45.7774551,3,mentor
166,bebatut,France,FRA,Clermont-Ferrand,3.0819427,45.7774551,3,speaker
167,bebatut,France,FRA,Clermont-Ferrand,3.0819427,45.7774551,4,expert
168,bebatut,France,FRA,Clermont-Ferrand,3.0819427,45.7774551,4,organizer
169,bebatut,France,FRA,Clermont-Ferrand,3.0819427,45.7774551,4,mentor
170,bebatut,France,FRA,Clermont-Ferrand,3.0819427,45.7774551,4,speaker
171,bebatut,France,FRA,Clermont-Ferrand,3.0819427,45.7774551,4,speaker
172,bebatut,France,FRA,Clermont-Ferrand,3.0819427,45.7774551,5,organizer
173,bebatut,France,FRA,Clermont-Ferrand,3.0819427,45.7774551,6,organizer
174,bebatut,France,FRA,Clermont-Ferrand,3.0819427,45.7774551,7,organizer
175,bebatut,France,FRA,Clermont-Ferrand,3.0819427,45.7774551,7,speaker
176,bebatut,France,FRA,Clermont-Ferrand,3.0819427,45.7774551,7,speaker
177,bebatut,France,FRA,Clermont-Ferrand,3.0819427,45.7774551,8,organizer
178,bebatut,France,FRA,Clermont-Ferrand,3.0819427,45.7774551,8,speaker
179,bebatut,France,FRA,Clermont-Ferrand,3.0819427,45.7774551,8,speaker
180,benkrikler,United Kingdom,GBR,,,,2,speaker
181,bethaniley,United Kingdom,GBR,"Belfast, Northern Ireland",-5.9301829,54.596391,6,speaker
182,bethaniley,United Kingdom,GBR,"Belfast, Northern Ireland",-5.9301829,54.596391,8,mentor
183,bgruening,Germany,DEU,,,,1,expert
184,bgruening,Germany,DEU,,,,1,mentor
185,bgruening,Germany,DEU,,,,2,expert
186,bhuvanameenakshik,India,IND,,,,1,expert
187,billbrod,United States,USA,,,,1,participant
188,billbrod,United States,USA,,,,7,mentor
189,birgül-çolak-al,Turkey,TUR,Istanbul,29.052495,41.0766019,5,participant
190,biscuitnapper,,,,,,4,participant
191,bisola15,Nigeria,NGA,Yaba,-2.8848131505798653,12.811960299999999,7,participant
192,bobbwang,Netherlands,NLD,Amsterdam,4.8924534,52.3730796,8,participant
193,bobbwang,Netherlands,NLD,Amsterdam,4.8924534,52.3730796,8,participant
194,boi-kone,Mali,MLI,,,,2,participant
195,bonetcarne,Spain,ESP,,,,1,participant
196,booktrackergirl,United Kingdom,GBR,Exeter,-3.5269497,50.7255794,7,participant
197,brainonsilicon,United Kingdom,GBR,,,,2,participant
198,brainonsilicon,United Kingdom,GBR,,,,6,participant
199,bresearcher101,,,,,,6,participant
200,bresearcher101,,,,,,7,mentor
201,bruno-soares,Brazil,BRA,Rio De Janeiro,-43.2093727,-22.9110137,1,participant
202,bruno-soares,Brazil,BRA,Rio De Janeiro,-43.2093727,-22.9110137,2,mentor
203,bruno-soares,Brazil,BRA,Rio De Janeiro,-43.2093727,-22.9110137,3,mentor
204,bruno-soares,Brazil,BRA,Rio De Janeiro,-43.2093727,-22.9110137,4,expert
205,bruno-soares,Brazil,BRA,Rio De Janeiro,-43.2093727,-22.9110137,4,mentor
206,bsolodzi,Ghana,GHA,"Ashaiman, Zenu",-0.0499836,5.7121199,7,participant
207,burceelbasan,Germany,DEU,,,,4,participant
208,burceelbasan,Germany,DEU,,,,5,mentor
209,burkemlou,Australia,AUS,Brisbane,-122.402794,37.687165,2,expert
210,burkemlou,Australia,AUS,Brisbane,-122.402794,37.687165,2,speaker
211,burkemlou,Australia,AUS,Brisbane,-122.402794,37.687165,3,expert
212,burkemlou,Australia,AUS,Brisbane,-122.402794,37.687165,3,mentor
213,c-martinez,Netherlands,NLD,Amsterdam,4.8924534,52.3730796,3,expert
214,c-martinez,Netherlands,NLD,Amsterdam,4.8924534,52.3730796,3,speaker
215,callummole,United Kingdom,GBR,London,-0.14405508452768728,51.4893335,4,participant
216,callummole,United Kingdom,GBR,London,-0.14405508452768728,51.4893335,5,participant
217,camachoreina,France,FRA,Paris,2.3200410217200766,48.8588897,3,participant
218,camachoreina,France,FRA,Paris,2.3200410217200766,48.8588897,4,expert
219,camila-gómez,Bolivia,,Cochabamba,-66.1568983,-17.3936114,5,participant
220,carmel-carne,South Africa,ZAF,Cape Town,18.417396,-33.928992,7,participant
221,carol-o'brien,Denmark,DNK,,,,7,participant
222,carolina-giraldo-olmos,Colombia,COL,Bogota,-74.0835643,4.6529539,7,participant
223,carolina-giraldo-olmos,Colombia,COL,Bogota,-74.0835643,4.6529539,8,expert
224,cassgvp,United Kingdom,GBR,Oxford,-1.2578499,51.7520131,1,participant
225,cassgvp,United Kingdom,GBR,Oxford,-1.2578499,51.7520131,2,expert
226,cassgvp,United Kingdom,GBR,Oxford,-1.2578499,51.7520131,5,expert
227,cassmurph,Ireland,IRL,,,,6,participant
228,cassmurph,Ireland,IRL,,,,7,facilitator
229,cbolibaugh,United Kingdom,GBR,York,-1.0743052444639218,53.96565785,4,participant
230,cel31,Spain,ESP,Barcelona,2.1774322,41.3828939,5,participant
231,cemonks,Australia,AUS,Perth,-3.4286805,56.3958186,3,participant
232,cemonks,Australia,AUS,Perth,-3.4286805,56.3958186,4,mentor
233,cgentemann,United States,USA,Santa Rosa,-122.7141049,38.4404925,6,expert
234,chadsansing,United States,USA,,,,4,speaker
235,chadsansing,United States,USA,,,,5,speaker
236,chadsansing,United States,USA,,,,6,speaker
237,chiara-damiani,,,,,,3,participant
238,chiarabertipaglia,United States,USA,,,,1,participant
239,chiarabertipaglia,United States,USA,,,,2,expert
240,christina-ambrosi,Switzerland,CHE,,,,2,participant
241,christinerogers,Canada,CAN,Montreal,-73.5698065,45.5031824,1,participant
242,christinerogers,Canada,CAN,Montreal,-73.5698065,45.5031824,2,expert
243,christinerogers,Canada,CAN,Montreal,-73.5698065,45.5031824,2,speaker
244,christinerogers,Canada,CAN,Montreal,-73.5698065,45.5031824,3,expert
245,chucklesongithub,Argentina,ARG,Buenos Aires,-58.4370894,-34.6075682,4,participant
246,chukaogbo,Nigeria,NGA,"Abeokuta, Ogun State.",3.3467344,7.1547129,7,participant
247,cibele-zolnier-sousa-do-nascimento,Brazil,BRA,Curitiba,-49.2712724,-25.4295963,8,participant
248,cl379,Spain,ESP,Barcelona,2.1774322,41.3828939,3,participant
249,cl379,Spain,ESP,Barcelona,2.1774322,41.3828939,5,participant
250,claudia-mignone,Italy,ITA,Roma,12.4829321,41.8933203,7,participant
251,codito22,Peru,PER,Lima,-77.0365256,-12.0621065,5,participant
252,complexbrains,Canada,CAN,Montreal,-73.5698065,45.5031824,5,participant
253,complexbrains,Canada,CAN,Montreal,-73.5698065,45.5031824,6,facilitator
254,complexbrains,Canada,CAN,Montreal,-73.5698065,45.5031824,7,mentor
255,contraexemplo,Brazil,BRA,,,,4,speaker
256,contraexemplo,Brazil,BRA,,,,6,speaker
257,coopersmout,Australia,AUS,Brisbane,-122.402794,37.687165,2,participant
258,coopersmout,Australia,AUS,Brisbane,-122.402794,37.687165,4,expert
259,crangelsmith,United Kingdom,GBR,,,,2,participant
260,da5nsy,United States,USA,Washington Dc,-77.0365427,38.8950368,2,participant
261,da5nsy,United States,USA,Washington Dc,-77.0365427,38.8950368,3,expert
262,da5nsy,United States,USA,Washington Dc,-77.0365427,38.8950368,4,facilitator
263,dadditolu,United Kingdom,GBR,Glasgow,-4.2501687,55.861155,3,participant
264,dadditolu,United Kingdom,GBR,Glasgow,-4.2501687,55.861155,6,mentor
265,danae-carelis-davila-espinoza,Bolivia,,,,,5,participant
266,daniel-kochin,United Kingdom,GBR,Oxford,-1.2578499,51.7520131,7,participant
267,dannycolin,Canada,CAN,,,,1,participant
268,danwchan,,,New York City,-74.0060152,40.7127281,7,participant
269,darwin-diaz,Peru,PER,Lima,-77.0365256,-12.0621065,5,participant
270,dasaderi,United States,USA,,,,1,expert
271,dasaderi,United States,USA,,,,1,mentor
272,dasaderi,United States,USA,,,,2,expert
273,dasaptaerwin,India,IND,,,,6,speaker
274,david-selassie-opoku,Germany,DEU,Berlin,13.3888599,52.5170365,4,expert
275,davidbeavan,United Kingdom,GBR,,,,2,participant
276,davidviryachen,Japan,JPN,,,,1,participant
277,dbrisaro,Argentina,ARG,Carapachay,-58.5358156,-34.5265799,8,participant
278,deepakunni3,Switzerland,CHE,Basel,7.5878261,47.5581077,5,expert
279,deepakunni3,Switzerland,CHE,Basel,7.5878261,47.5581077,5,mentor
280,deepakunni3,Switzerland,CHE,Basel,7.5878261,47.5581077,6,expert
281,delphine-l,United States,USA,Raleigh,-78.6390989,35.7803977,2,mentor
282,delphine-l,United States,USA,Raleigh,-78.6390989,35.7803977,4,expert
283,delphine-l,United States,USA,Raleigh,-78.6390989,35.7803977,4,mentor
284,demellina,United Kingdom,GBR,London,-0.14405508452768728,51.4893335,1,expert
285,demellina,United Kingdom,GBR,London,-0.14405508452768728,51.4893335,1,speaker
286,demellina,United Kingdom,GBR,London,-0.14405508452768728,51.4893335,2,expert
287,demellina,United Kingdom,GBR,London,-0.14405508452768728,51.4893335,3,expert
288,dexwel,Nigeria,NGA,Ogbomoso,4.25,8.133,8,participant
289,diana-pilvar,Estonia,EST,Tartu,26.72245,58.3801207,7,participant
290,diana-pilvar,Estonia,EST,Tartu,26.72245,58.3801207,8,expert
291,diana-pilvar,Estonia,EST,Tartu,26.72245,58.3801207,8,mentor
292,dianakaran,Kenya,KEN,Kilifi,39.67507159193717,-3.15073925,8,participant
293,didik-utomo,Indonesia,IDN,Malang,112.6340291,-7.9771206,3,participant
294,diegoonna,Argentina,ARG,"Ciudad Autonoma De Buenos Aires , Argentina",-58.4370894,-34.6075682,4,participant
295,diegoonna,Argentina,ARG,"Ciudad Autonoma De Buenos Aires , Argentina",-58.4370894,-34.6075682,5,mentor
296,diegoonna,Argentina,ARG,"Ciudad Autonoma De Buenos Aires , Argentina",-58.4370894,-34.6075682,6,mentor
297,diegoonna,Argentina,ARG,"Ciudad Autonoma De Buenos Aires , Argentina",-58.4370894,-34.6075682,7,mentor
298,diegoonna,Argentina,ARG,"Ciudad Autonoma De Buenos Aires , Argentina",-58.4370894,-34.6075682,8,mentor
299,dimmestp,United Kingdom,GBR,Edinburgh,-3.1883749,55.9533456,3,mentor
300,dimmestp,United Kingdom,GBR,Edinburgh,-3.1883749,55.9533456,4,expert
301,dimmestp,United Kingdom,GBR,Edinburgh,-3.1883749,55.9533456,4,mentor
302,dimmestp,United Kingdom,GBR,Edinburgh,-3.1883749,55.9533456,6,expert
303,dingaaling,United Kingdom,GBR,London,-0.14405508452768728,51.4893335,6,participant
304,dlebauer,United States,USA,,,,1,participant
305,doaamkader,Egypt,EGY,Obour City,31.465685617766244,30.2288224,7,participant
306,dozie-onunkwo,Nigeria,NGA,Umuahia,7.4924165,5.5324032,8,participant
307,dsarahstamps,United States,USA,,,,5,speaker
308,dudova,Czechia,CZE,Brno,16.6113382,49.1922443,3,participant
309,duerrsimon,Switzerland,CHE,Lausanne,6.6327025,46.5218269,3,participant
310,duerrsimon,Switzerland,CHE,Lausanne,6.6327025,46.5218269,4,expert
311,dustin-schetters,Netherlands,NLD,,,,8,participant
312,dylan-bastiaans,Switzerland,CHE,,,,2,participant
313,ealescak,United States,USA,Anchorage,-149.1107333,61.1758781,3,expert
314,ealescak,United States,USA,Anchorage,-149.1107333,61.1758781,3,mentor
315,ealescak,United States,USA,Anchorage,-149.1107333,61.1758781,4,expert
316,ealescak,United States,USA,Anchorage,-149.1107333,61.1758781,4,mentor
317,ecsalomon,United States,USA,"Chicago, Il",-87.6244212,41.8755616,4,participant
318,eduardacenteno,Netherlands,NLD,Amsterdam,4.8924534,52.3730796,8,participant
319,eirini-zormpa,United Kingdom,GBR,,,,6,participant
320,eirinibotsari,Netherlands,NLD,Dem Haag,4.2696802205364515,52.07494555,5,participant
321,ekariuki-sleepy,,,,,,7,speaker
322,ekaroune,United Kingdom,GBR,Portsmouth,-1.0906023,50.800031,2,participant
323,ekaroune,United Kingdom,GBR,Portsmouth,-1.0906023,50.800031,3,expert
324,ekaroune,United Kingdom,GBR,Portsmouth,-1.0906023,50.800031,3,mentor
325,ekaroune,United Kingdom,GBR,Portsmouth,-1.0906023,50.800031,4,expert
326,ekaroune,United Kingdom,GBR,Portsmouth,-1.0906023,50.800031,4,facilitator
327,ekaroune,United Kingdom,GBR,Portsmouth,-1.0906023,50.800031,4,mentor
328,ekaroune,United Kingdom,GBR,Portsmouth,-1.0906023,50.800031,4,speaker
329,ekaroune,United Kingdom,GBR,Portsmouth,-1.0906023,50.800031,5,mentor
330,ekaroune,United Kingdom,GBR,Portsmouth,-1.0906023,50.800031,5,participant
331,ekaroune,United Kingdom,GBR,Portsmouth,-1.0906023,50.800031,6,expert
332,ekaroune,United Kingdom,GBR,Portsmouth,-1.0906023,50.800031,6,mentor
333,ekeluv,South Africa,ZAF,,,,2,participant
334,ekin-bolukbasi,United Kingdom,GBR,London,-0.14405508452768728,51.4893335,2,speaker
335,elena-beretta,Netherlands,NLD,Amsterdam,4.8924534,52.3730796,8,participant
336,elena-giglia,Italy,ITA,Turin,7.6824892,45.0677551,6,participant
337,elisa-on-github,Netherlands,NLD,Amsterdam,4.8924534,52.3730796,4,participant
338,elisa-on-github,Netherlands,NLD,Amsterdam,4.8924534,52.3730796,6,expert
339,elisa-on-github,Netherlands,NLD,Amsterdam,4.8924534,52.3730796,8,expert
340,elisa-on-github,Netherlands,NLD,Amsterdam,4.8924534,52.3730796,8,participant
341,elsasci,United Kingdom,GBR,,,,1,participant
342,emma-anne-harris,Germany,DEU,Berlin,13.3888599,52.5170365,3,expert
343,emma-anne-harris,Germany,DEU,Berlin,13.3888599,52.5170365,3,speaker
344,emma-lawrence,United Kingdom,GBR,London,-0.14405508452768728,51.4893335,3,participant
345,emma-lawrence,United Kingdom,GBR,London,-0.14405508452768728,51.4893335,4,expert
346,emmanuel19-ada,Nigeria,NGA,Ogbomosho,4.25,8.133,4,participant
347,emmanuel19-ada,Nigeria,NGA,Ogbomosho,4.25,8.133,5,participant
348,emmanuel19-ada,Nigeria,NGA,Ogbomosho,4.25,8.133,6,participant
349,emmanuel19-ada,Nigeria,NGA,Ogbomosho,4.25,8.133,7,participant
350,emmanuel19-ada,Nigeria,NGA,Ogbomosho,4.25,8.133,8,facilitator
351,emmyft,Netherlands,NLD,,,,1,expert
352,emmyft,Netherlands,NLD,,,,2,expert
353,emmyft,Netherlands,NLD,,,,3,organizer
354,emmyft,Netherlands,NLD,,,,3,speaker
355,emmyft,Netherlands,NLD,,,,3,speaker
356,emmyft,Netherlands,NLD,,,,4,organizer
357,emmyft,Netherlands,NLD,,,,4,mentor
358,emmyft,Netherlands,NLD,,,,4,speaker
359,emmyft,Netherlands,NLD,,,,4,speaker
360,emmyft,Netherlands,NLD,,,,5,organizer
361,emmyft,Netherlands,NLD,,,,5,mentor
362,emmyft,Netherlands,NLD,,,,5,speaker
363,emmyft,Netherlands,NLD,,,,5,speaker
364,emmyft,Netherlands,NLD,,,,5,speaker
365,emmyft,Netherlands,NLD,,,,6,organizer
366,emmyft,Netherlands,NLD,,,,6,speaker
367,emmyft,Netherlands,NLD,,,,7,organizer
368,emmyft,Netherlands,NLD,,,,7,speaker
369,emmyft,Netherlands,NLD,,,,8,organizer
370,esbusis,Turkey,TUR,Istanbul,29.052495,41.0766019,5,participant
371,estherplomp,Netherlands,NLD,The Hague,4.2696802205364515,52.07494555,3,expert
372,estherplomp,Netherlands,NLD,The Hague,4.2696802205364515,52.07494555,3,mentor
373,estherplomp,Netherlands,NLD,The Hague,4.2696802205364515,52.07494555,3,speaker
374,estherplomp,Netherlands,NLD,The Hague,4.2696802205364515,52.07494555,4,expert
375,estherplomp,Netherlands,NLD,The Hague,4.2696802205364515,52.07494555,4,mentor
376,estherplomp,Netherlands,NLD,The Hague,4.2696802205364515,52.07494555,4,mentor
377,estherplomp,Netherlands,NLD,The Hague,4.2696802205364515,52.07494555,5,mentor
378,estherplomp,Netherlands,NLD,The Hague,4.2696802205364515,52.07494555,6,expert
379,estherplomp,Netherlands,NLD,The Hague,4.2696802205364515,52.07494555,6,mentor
380,estherplomp,Netherlands,NLD,The Hague,4.2696802205364515,52.07494555,7,speaker
381,estherplomp,Netherlands,NLD,The Hague,4.2696802205364515,52.07494555,8,expert
382,evaherbst,Switzerland,CHE,,,,2,participant
383,evelyngreeves,United Kingdom,GBR,,,,5,participant
384,ewa-leś,Poland,POL,,,,4,participant
385,ewallace,United Kingdom,GBR,Edinburgh,-3.1883749,55.9533456,3,expert
386,ewallace,United Kingdom,GBR,Edinburgh,-3.1883749,55.9533456,4,expert
387,ewallace,United Kingdom,GBR,Edinburgh,-3.1883749,55.9533456,5,expert
388,ewuramaminka,United Kingdom,GBR,,,,1,participant
389,fabienne-lucas,United States,USA,Boston,-71.060511,42.3554334,3,participant
390,fabioperdigao,Brazil,BRA,Rio De Janeiro,-43.2093727,-22.9110137,6,participant
391,fadanka,Cameroon,CMR,Yaounde,11.5213344,3.8689867,5,participant
392,fadanka,Cameroon,CMR,Yaounde,11.5213344,3.8689867,6,mentor
393,fadanka,Cameroon,CMR,Yaounde,11.5213344,3.8689867,7,participant
394,fadanka,Cameroon,CMR,Yaounde,11.5213344,3.8689867,7,mentor
395,fadanka,Cameroon,CMR,Yaounde,11.5213344,3.8689867,8,mentor
396,fadanka,Cameroon,CMR,Yaounde,11.5213344,3.8689867,8,speaker
397,farukustunel,Turkey,TUR,Istanbul,29.052495,41.0766019,5,participant
398,fatma366,Kenya,KEN,Mombasa,39.667169,-4.05052,8,participant
399,federico-cestares,Argentina,ARG,Buenos Aires,-58.4370894,-34.6075682,5,participant
400,fnyasimi,Kenya,KEN,,,,1,participant
401,fnyasimi,Kenya,KEN,,,,4,facilitator
402,fnyasimi,Kenya,KEN,,,,5,facilitator
403,fnyasimi,Kenya,KEN,,,,6,facilitator
404,fpsom,Greece,GRC,Thessaloniki,22.9352716,40.6403167,1,expert
405,fpsom,Greece,GRC,Thessaloniki,22.9352716,40.6403167,1,mentor
406,fpsom,Greece,GRC,Thessaloniki,22.9352716,40.6403167,1,speaker
407,fpsom,Greece,GRC,Thessaloniki,22.9352716,40.6403167,2,expert
408,fpsom,Greece,GRC,Thessaloniki,22.9352716,40.6403167,2,speaker
409,fpsom,Greece,GRC,Thessaloniki,22.9352716,40.6403167,3,expert
410,fpsom,Greece,GRC,Thessaloniki,22.9352716,40.6403167,3,mentor
411,fpsom,Greece,GRC,Thessaloniki,22.9352716,40.6403167,4,expert
412,fpsom,Greece,GRC,Thessaloniki,22.9352716,40.6403167,4,mentor
413,fpsom,Greece,GRC,Thessaloniki,22.9352716,40.6403167,5,mentor
414,fpsom,Greece,GRC,Thessaloniki,22.9352716,40.6403167,5,mentor
415,fpsom,Greece,GRC,Thessaloniki,22.9352716,40.6403167,6,mentor
416,fpsom,Greece,GRC,Thessaloniki,22.9352716,40.6403167,8,mentor
417,fredbelliard,Netherlands,NLD,Delft,4.362724538543995,51.999457199999995,5,participant
418,gabimusaubach,Argentina,ARG,,,,5,participant
419,gabriela-rufino,Brazil,BRA,Rio De Janeiro,-43.2093727,-22.9110137,7,participant
420,ganleyemma,United Kingdom,GBR,,,,2,speaker
421,gareth-j,United Kingdom,GBR,Bristol,-2.5972985,51.4538022,5,participant
422,gedaloop,Spain,ESP,Barcelona,2.1774322,41.3828939,4,participant
423,gedankenstuecke,France,FRA,Paris,2.3200410217200766,48.8588897,1,expert
424,gedankenstuecke,France,FRA,Paris,2.3200410217200766,48.8588897,1,speaker
425,gedankenstuecke,France,FRA,Paris,2.3200410217200766,48.8588897,2,expert
426,gedankenstuecke,France,FRA,Paris,2.3200410217200766,48.8588897,2,speaker
427,gedankenstuecke,France,FRA,Paris,2.3200410217200766,48.8588897,3,expert
428,gemmaturon,Spain,ESP,Barcelona,2.1774322,41.3828939,5,participant
429,gemmaturon,Spain,ESP,Barcelona,2.1774322,41.3828939,8,expert
430,gemmaturon,Spain,ESP,Barcelona,2.1774322,41.3828939,8,mentor
431,georgiahca,United Kingdom,GBR,London,-0.14405508452768728,51.4893335,2,participant
432,georgiahca,United Kingdom,GBR,London,-0.14405508452768728,51.4893335,3,speaker
433,georgiahca,United Kingdom,GBR,London,-0.14405508452768728,51.4893335,5,expert
434,georgiahca,United Kingdom,GBR,London,-0.14405508452768728,51.4893335,5,mentor
435,georgianaelena,Romania,ROU,,,,7,expert
436,georgianaelena,Romania,ROU,,,,8,expert
437,ghammad,Belgium,BEL,Liège,5.773545903524977,50.47081585,3,participant
438,gigikenneth,Nigeria,NGA,,,,7,participant
439,gigikenneth,Nigeria,NGA,,,,8,facilitator
440,gilbert-beyamba,,,,,,5,speaker
441,gill-francis,United Kingdom,GBR,York,-1.0743052444639218,53.96565785,4,participant
442,glado718,Kenya,KEN,Nairobi,36.82884201813725,-1.3026148499999999,6,participant
443,glado718,Kenya,KEN,Nairobi,36.82884201813725,-1.3026148499999999,7,facilitator
444,glado718,Kenya,KEN,Nairobi,36.82884201813725,-1.3026148499999999,8,facilitator
445,gladys-jerono-rotich,Kenya,KEN,Nairobi,36.8288420082562,-1.3026148499999999,7,mentor
446,gladys-jerono-rotich,Kenya,KEN,Nairobi,36.8288420082562,-1.3026148499999999,8,mentor
447,godwyns-onwuchekwa,,,,,,7,speaker
448,graciellehigino,Canada,CAN,Vancouver,-123.113952,49.2608724,2,expert
449,graciellehigino,Canada,CAN,Vancouver,-123.113952,49.2608724,4,expert
450,graciellehigino,Canada,CAN,Vancouver,-123.113952,49.2608724,4,mentor
451,graciellehigino,Canada,CAN,Vancouver,-123.113952,49.2608724,5,mentor
452,graciellehigino,Canada,CAN,Vancouver,-123.113952,49.2608724,5,mentor
453,graciellehigino,Canada,CAN,Vancouver,-123.113952,49.2608724,6,expert
454,graciellehigino,Canada,CAN,Vancouver,-123.113952,49.2608724,6,mentor
455,graciellehigino,Canada,CAN,Vancouver,-123.113952,49.2608724,7,mentor
456,gugy89,,,,,,5,expert
457,guille1107,Argentina,ARG,Buenos Aires,-58.4370894,-34.6075682,4,participant
458,ha0ye,United States,USA,Gainesville,-82.3249846,29.6519684,1,expert
459,ha0ye,United States,USA,Gainesville,-82.3249846,29.6519684,1,mentor
460,ha0ye,United States,USA,Gainesville,-82.3249846,29.6519684,2,expert
461,ha0ye,United States,USA,Gainesville,-82.3249846,29.6519684,3,expert
462,ha0ye,United States,USA,Gainesville,-82.3249846,29.6519684,3,speaker
463,ha0ye,United States,USA,Gainesville,-82.3249846,29.6519684,4,expert
464,ha0ye,United States,USA,Gainesville,-82.3249846,29.6519684,5,expert
465,ha0ye,United States,USA,Gainesville,-82.3249846,29.6519684,5,speaker
466,ha0ye,United States,USA,Gainesville,-82.3249846,29.6519684,6,expert
467,ha0ye,United States,USA,Gainesville,-82.3249846,29.6519684,7,speaker
468,hans-ket,Netherlands,NLD,Amsterdam,4.8924534,52.3730796,8,participant
469,harinilakshminarayanan,Switzerland,CHE,Zurich,8.5410422,47.3744489,6,participant
470,harinilakshminarayanan,Switzerland,CHE,Zurich,8.5410422,47.3744489,7,mentor
471,harinilakshminarayanan,Switzerland,CHE,Zurich,8.5410422,47.3744489,8,mentor
472,harisood,,,,,,6,participant
473,harpreetsingh05,India,IND,Jalandhar,75.576889,31.3323762,3,expert
474,harpreetsingh05,India,IND,Jalandhar,75.576889,31.3323762,3,participant
475,harpreetsingh05,India,IND,Jalandhar,75.576889,31.3323762,3,mentor
476,harpreetsingh05,India,IND,Jalandhar,75.576889,31.3323762,3,mentor
477,harpreetsingh05,India,IND,Jalandhar,75.576889,31.3323762,4,mentor
478,hdinkel,Germany,DEU,,,,1,expert
479,hdinkel,Germany,DEU,,,,1,mentor
480,hdinkel,Germany,DEU,,,,2,expert
481,hdinkel,Germany,DEU,,,,2,mentor
482,henk-wierenga,South Africa,ZAF,,,,8,participant
483,henricountevans,Eswatini,SWZ,Kwaluseni,31.6390919,-27.2216427,8,participant
484,hexylena,Netherlands,NLD,Rotterdam,4.47775,51.9244424,3,speaker
485,heylf,Germany,DEU,Freiburg,7.8494005,47.9960901,3,participant
486,hilyatuz-zahroh,Indonesia,IDN,,,,2,participant
487,homo-sapiens34,Russian Federation,RUS,,,,1,participant
488,hrhotz,Switzerland,CHE,Basel,7.5878261,47.5581077,2,mentor
489,hrhotz,Switzerland,CHE,Basel,7.5878261,47.5581077,3,mentor
490,hrhotz,Switzerland,CHE,Basel,7.5878261,47.5581077,4,mentor
491,hrhotz,Switzerland,CHE,Basel,7.5878261,47.5581077,6,expert
492,hrhotz,Switzerland,CHE,Basel,7.5878261,47.5581077,6,mentor
493,hylary-emmanuela-ndegala-nhana,Cameroon,CMR,Yaounde,11.5213344,3.8689867,7,participant
494,hzahroh,Indonesia,IDN,Jakarta,106.8270488,-6.175247,3,participant
495,ibrahssali1,Uganda,UGA,,,,2,participant
496,inquisitivevi,Germany,DEU,,,,1,expert
497,iramosp,Mexico,MEX,Mexico City,-99.1331785,19.4326296,3,participant
498,iramosp,Mexico,MEX,Mexico City,-99.1331785,19.4326296,4,expert
499,iramosp,Mexico,MEX,Mexico City,-99.1331785,19.4326296,5,expert
500,iramosp,Mexico,MEX,Mexico City,-99.1331785,19.4326296,6,expert
501,iramosp,Mexico,MEX,Mexico City,-99.1331785,19.4326296,7,expert
502,iramosp,Mexico,MEX,Mexico City,-99.1331785,19.4326296,8,expert
503,iramosp,Mexico,MEX,Mexico City,-99.1331785,19.4326296,8,mentor
504,iratxepuebla,United Kingdom,GBR,Cambridge,0.1186637,52.2055314,3,expert
505,iratxepuebla,United Kingdom,GBR,Cambridge,0.1186637,52.2055314,3,mentor
506,iratxepuebla,United Kingdom,GBR,Cambridge,0.1186637,52.2055314,3,speaker
507,iratxepuebla,United Kingdom,GBR,Cambridge,0.1186637,52.2055314,4,expert
508,iratxepuebla,United Kingdom,GBR,Cambridge,0.1186637,52.2055314,4,mentor
509,iratxepuebla,United Kingdom,GBR,Cambridge,0.1186637,52.2055314,5,expert
510,irena-maus,Germany,DEU,Bielefeld,8.531007,52.0191005,4,participant
511,irisbotas,Spain,ESP,Majadahonda,-3.8724138,40.473055,3,participant
512,isahmadbbr,Nigeria,NGA,Kano,8.5364136,11.8948389,3,participant
513,ismael-kg,United Kingdom,GBR,London,-0.14405508452768728,51.4893335,2,participant
514,ismael-kg,United Kingdom,GBR,London,-0.14405508452768728,51.4893335,5,participant
515,ismael-kg,United Kingdom,GBR,London,-0.14405508452768728,51.4893335,6,facilitator
516,ismael-kg,United Kingdom,GBR,London,-0.14405508452768728,51.4893335,6,speaker
517,ivotron,Mexico,MEX,Hermosillo,-110.9692202,29.0948207,2,mentor
518,ivotron,Mexico,MEX,Hermosillo,-110.9692202,29.0948207,3,expert
519,iván-gabriel-poggio,Argentina,ARG,Toay,-64.3796809,-36.6738649,8,participant
520,jafari-amir,Brazil,BRA,Rio De Janeiro,-43.2093727,-22.9110137,7,participant
521,jafsia,Cameroon,CMR,Yaounde,11.5213344,3.8689867,5,participant
522,jafsia,Cameroon,CMR,Yaounde,11.5213344,3.8689867,6,mentor
523,jafsia,Cameroon,CMR,Yaounde,11.5213344,3.8689867,7,facilitator
524,jafsia,Cameroon,CMR,Yaounde,11.5213344,3.8689867,7,participant
525,jafsia,Cameroon,CMR,Yaounde,11.5213344,3.8689867,7,mentor
526,jafsia,Cameroon,CMR,Yaounde,11.5213344,3.8689867,8,expert
527,jafsia,Cameroon,CMR,Yaounde,11.5213344,3.8689867,8,mentor
528,jasonjwilliamsny,United States,USA,,,,1,expert
529,jasonjwilliamsny,United States,USA,,,,1,speaker
530,jasonjwilliamsny,United States,USA,,,,2,expert
531,javier-ruiz-pérez,Spain,ESP,Barcelona,2.1774322,41.3828939,3,participant
532,jbuczny,Netherlands,NLD,Amsterdam,4.8924534,52.3730796,8,participant
533,jcolomb,Germany,DEU,Berlin,13.3888599,52.5170365,2,expert
534,jcolomb,Germany,DEU,Berlin,13.3888599,52.5170365,4,expert
535,jcolomb,Germany,DEU,Berlin,13.3888599,52.5170365,4,mentor
536,jcolomb,Germany,DEU,Berlin,13.3888599,52.5170365,5,mentor
537,jcolomb,Germany,DEU,Berlin,13.3888599,52.5170365,7,mentor
538,jcolomb,Germany,DEU,Berlin,13.3888599,52.5170365,8,expert
539,jelioth-muthoni,Kenya,KEN,,,,2,participant
540,jesperdramsch,Germany,DEU,Bonn,7.10066,50.735851,5,expert
541,jessica-sims,United Kingdom,GBR,London,-0.14405508452768728,51.4893335,3,participant
542,jessicas11,United States,USA,Durham,-1.75,54.666667,4,expert
543,jessicas11,United States,USA,Durham,-1.75,54.666667,4,mentor
544,jezcope,United Kingdom,GBR,Harrogate,-1.5391039,53.9921491,2,expert
545,jezcope,United Kingdom,GBR,Harrogate,-1.5391039,53.9921491,2,mentor
546,jezcope,United Kingdom,GBR,Harrogate,-1.5391039,53.9921491,3,expert
547,jezcope,United Kingdom,GBR,Harrogate,-1.5391039,53.9921491,3,mentor
548,jezcope,United Kingdom,GBR,Harrogate,-1.5391039,53.9921491,5,expert
549,jezcope,United Kingdom,GBR,Harrogate,-1.5391039,53.9921491,6,expert
550,jformoso,Argentina,ARG,Ciudad Autónoma De Buenos Aires,-58.4370894,-34.6075682,7,participant
551,jformoso,Argentina,ARG,Ciudad Autónoma De Buenos Aires,-58.4370894,-34.6075682,8,facilitator
552,jformoso,Argentina,ARG,Ciudad Autónoma De Buenos Aires,-58.4370894,-34.6075682,8,mentor
553,jhon-anderson-pérez-silva,Peru,PER,Lima,-77.0365256,-12.0621065,5,participant
554,jhrudey,Netherlands,NLD,Amsterdam,4.8924534,52.3730796,8,participant
555,jmmaok,United States,USA,"Cary, Nc",-78.7812081,35.7882893,3,participant
556,jmmaok,United States,USA,"Cary, Nc",-78.7812081,35.7882893,4,expert
557,jmmaok,United States,USA,"Cary, Nc",-78.7812081,35.7882893,7,participant
558,joel-hancock,Austria,AUT,,,,2,participant
559,joelfan,Italy,ITA,Milan,9.1896346,45.4641943,6,participant
560,joelostblom,Canada,CAN,Vancouver,-123.113952,49.2608724,1,expert
561,joelostblom,Canada,CAN,Vancouver,-123.113952,49.2608724,3,expert
562,johanssen-obanda,Kenya,KEN,Kisumu,34.7541761,-0.1029109,7,mentor
563,johav,Germany,DEU,Berlin,13.3888599,52.5170365,3,expert
564,jolien-s,Netherlands,NLD,,,,8,participant
565,jonny-heath,United Kingdom,GBR,Brighton,-0.1400561,50.8214626,3,expert
566,joshsimmons,United States,USA,,,,1,speaker
567,joy-owango,,,,,,5,speaker
568,joyceykao,Germany,DEU,Aachen,6.083862,50.776351,2,participant
569,joyceykao,Germany,DEU,Aachen,6.083862,50.776351,3,expert
570,joyceykao,Germany,DEU,Aachen,6.083862,50.776351,3,mentor
571,joyceykao,Germany,DEU,Aachen,6.083862,50.776351,4,expert
572,joyceykao,Germany,DEU,Aachen,6.083862,50.776351,5,expert
573,joyceykao,Germany,DEU,Aachen,6.083862,50.776351,6,expert
574,joyceykao,Germany,DEU,Aachen,6.083862,50.776351,6,mentor
575,joyceykao,Germany,DEU,Aachen,6.083862,50.776351,7,mentor
576,joyceykao,Germany,DEU,Aachen,6.083862,50.776351,8,mentor
577,jruizperez,United States,USA,College Station,-96.3071042,30.5955289,5,participant
578,jsheunis,Germany,DEU,Juelich,6.3611015,50.9220931,5,expert
579,jsheunis,Germany,DEU,Juelich,6.3611015,50.9220931,5,mentor
580,juanjo-garcía-granero,Spain,ESP,Barcelona,2.1774322,41.3828939,3,participant
581,juanjo-garcía-granero,Spain,ESP,Barcelona,2.1774322,41.3828939,5,participant
582,julianbuede,Argentina,ARG,Córdoba,-4.7760138,37.8845813,8,participant
583,jvillcavillegas,Argentina,ARG,Buenos Aires,-58.4370894,-34.6075682,5,participant
584,jvillcavillegas,Argentina,ARG,Buenos Aires,-58.4370894,-34.6075682,8,mentor
585,jyoti-bhogal,India,IND,"Ahmednagar, Maharashtra",74.74267631763158,19.043620599999997,5,participant
586,jywarren,United States,USA,"Providence, RI",-71.4128343,41.8239891,6,speaker
587,k-c-martin,South Africa,ZAF,Stellenbosch,18.869167,-33.934444,5,participant
588,k-c-martin,South Africa,ZAF,Stellenbosch,18.869167,-33.934444,6,mentor
589,k8hertweck,United States,USA,"Seattle, Wa",-122.330062,47.6038321,4,expert
590,karegapauline,Kenya,KEN,Nairobi,36.8288420082562,-1.3026148499999999,2,participant
591,karegapauline,Kenya,KEN,Nairobi,36.8288420082562,-1.3026148499999999,6,facilitator
592,karegapauline,Kenya,KEN,Nairobi,36.8288420082562,-1.3026148499999999,6,participant
593,karegapauline,Kenya,KEN,Nairobi,36.8288420082562,-1.3026148499999999,7,mentor
594,karegapauline,Kenya,KEN,Nairobi,36.8288420082562,-1.3026148499999999,8,mentor
595,kariljordan,United States,USA,,,,1,expert
596,kariljordan,United States,USA,,,,2,expert
597,karinlag,Norway,NOR,,,,1,speaker
598,karvovskaya,Netherlands,NLD,Amsterdam,4.8924534,52.3730796,1,participant
599,karvovskaya,Netherlands,NLD,Amsterdam,4.8924534,52.3730796,2,expert
600,karvovskaya,Netherlands,NLD,Amsterdam,4.8924534,52.3730796,2,mentor
601,karvovskaya,Netherlands,NLD,Amsterdam,4.8924534,52.3730796,3,expert
602,karvovskaya,Netherlands,NLD,Amsterdam,4.8924534,52.3730796,4,expert
603,karvovskaya,Netherlands,NLD,Amsterdam,4.8924534,52.3730796,4,mentor
604,karvovskaya,Netherlands,NLD,Amsterdam,4.8924534,52.3730796,5,expert
605,karvovskaya,Netherlands,NLD,Amsterdam,4.8924534,52.3730796,5,mentor
606,karvovskaya,Netherlands,NLD,Amsterdam,4.8924534,52.3730796,6,expert
607,karvovskaya,Netherlands,NLD,Amsterdam,4.8924534,52.3730796,6,mentor
608,karvovskaya,Netherlands,NLD,Amsterdam,4.8924534,52.3730796,7,mentor
609,karvovskaya,Netherlands,NLD,Amsterdam,4.8924534,52.3730796,8,participant
610,katesimpson,United Kingdom,GBR,London/ Great Union Canal/ Leeds,,,2,participant
611,katesimpson,United Kingdom,GBR,London/ Great Union Canal/ Leeds,,,3,expert
612,katesimpson,United Kingdom,GBR,London/ Great Union Canal/ Leeds,,,3,mentor
613,katesimpson,United Kingdom,GBR,London/ Great Union Canal/ Leeds,,,4,mentor
614,katoss,France,FRA,Paris,2.3200410217200766,48.8588897,2,participant
615,katoss,France,FRA,Paris,2.3200410217200766,48.8588897,3,participant
616,katoss,France,FRA,Paris,2.3200410217200766,48.8588897,4,expert
617,katrinleinweber,Germany,DEU,,,,1,expert
618,katrinleinweber,Germany,DEU,,,,1,mentor
619,kaythaney,United States,USA,,,,4,speaker
620,kenmurithi,Kenya,KEN,Chogoria,37.631994,-0.228851,6,participant
621,kevinxufs,United Kingdom,GBR,,,,2,participant
622,khanteymoori,Germany,DEU,Freiburg,7.8494005,47.9960901,3,participant
623,kipkurui,Kenya,KEN,,,,1,expert
624,kipkurui,Kenya,KEN,,,,1,mentor
625,kipkurui,Kenya,KEN,,,,1,speaker
626,kipkurui,Kenya,KEN,,,,2,expert
627,kipkurui,Kenya,KEN,,,,2,mentor
628,kipkurui,Kenya,KEN,,,,2,mentor
629,kipkurui,Kenya,KEN,,,,5,mentor
630,kipkurui,Kenya,KEN,,,,6,expert
631,kipkurui,Kenya,KEN,,,,6,mentor
632,kipkurui,Kenya,KEN,,,,7,mentor
633,kiragu-mwaura,Kenya,KEN,,,,1,participant
634,kiragu-mwaura,Kenya,KEN,,,,8,facilitator
635,kiri93,Switzerland,CHE,,,,2,participant
636,kirstiejane,United Kingdom,GBR,,,,1,expert
637,kirstiejane,United Kingdom,GBR,,,,1,speaker
638,kirstiejane,United Kingdom,GBR,,,,2,expert
639,klauer2207,United Kingdom,GBR,Cambridge,0.1186637,52.2055314,2,expert
640,klauer2207,United Kingdom,GBR,Cambridge,0.1186637,52.2055314,2,mentor
641,klauer2207,United Kingdom,GBR,Cambridge,0.1186637,52.2055314,5,expert
642,klauer2207,United Kingdom,GBR,Cambridge,0.1186637,52.2055314,5,mentor
643,kllewers,United States,USA,"Boulder, Co",-105.270545,40.0149856,8,participant
644,kmexter,Belgium,BEL,Oostende,2.9226366807233966,51.184683899999996,3,expert
645,koen-leuveld,Netherlands,NLD,Amsterdam,4.8924534,52.3730796,8,participant
646,koerding,United States,USA,Philadelphia,-75.1635262,39.9527237,6,expert
647,koerding,United States,USA,Philadelphia,-75.1635262,39.9527237,8,participant
648,kon0925,Greece,GRC,Heraklion,25.1332843,35.33908,3,participant
649,koudyk,Canada,CAN,,,,2,participant
650,kristinariemer,United States,USA,,,,1,participant
651,kswhitney,United States,USA,Rochester,-77.615214,43.157285,1,expert
652,kswhitney,United States,USA,Rochester,-77.615214,43.157285,3,expert
653,kswhitney,United States,USA,Rochester,-77.615214,43.157285,4,expert
654,lakillo,United Kingdom,GBR,,,,8,participant
655,lalmehlisy,Saudi Arabia,SAU,Riyadh,46.7160104,24.638916,4,participant
656,landimi2,Kenya,KEN,Nairobi,36.8288420082562,-1.3026148499999999,1,participant
657,landimi2,Kenya,KEN,Nairobi,36.8288420082562,-1.3026148499999999,3,mentor
658,landimi2,Kenya,KEN,Nairobi,36.8288420082562,-1.3026148499999999,4,facilitator
659,landimi2,Kenya,KEN,Nairobi,36.8288420082562,-1.3026148499999999,5,facilitator
660,landimi2,Kenya,KEN,Nairobi,36.8288420082562,-1.3026148499999999,6,mentor
661,landimi2,Kenya,KEN,Nairobi,36.8288420082562,-1.3026148499999999,7,mentor
662,landimi2,Kenya,KEN,Nairobi,36.8288420082562,-1.3026148499999999,7,mentor
663,landimi2,Kenya,KEN,Nairobi,36.8288420082562,-1.3026148499999999,8,expert
664,landimi2,Kenya,KEN,Nairobi,36.8288420082562,-1.3026148499999999,8,facilitator
665,lauracarter,United Kingdom,GBR,London,-0.12765,51.5073359,2,participant
666,lauracarter,United Kingdom,GBR,London,-0.12765,51.5073359,3,expert
667,lauracarter,United Kingdom,GBR,London,-0.12765,51.5073359,3,mentor
668,lauracarter,United Kingdom,GBR,London,-0.12765,51.5073359,4,expert
669,lauracarter,United Kingdom,GBR,London,-0.12765,51.5073359,5,expert
670,lauracarter,United Kingdom,GBR,London,-0.12765,51.5073359,6,expert
671,lauracarter,United Kingdom,GBR,London,-0.12765,51.5073359,7,expert
672,lauracarter,United Kingdom,GBR,London,-0.12765,51.5073359,8,mentor
673,lauracion,Argentina,ARG,Ciudad Autónoma De Buenos Aires,-58.43562340522388,-34.61612315,2,expert
674,lauracion,Argentina,ARG,Ciudad Autónoma De Buenos Aires,-58.43562340522388,-34.61612315,2,speaker
675,lauracion,Argentina,ARG,Ciudad Autónoma De Buenos Aires,-58.43562340522388,-34.61612315,3,expert
676,lauracion,Argentina,ARG,Ciudad Autónoma De Buenos Aires,-58.43562340522388,-34.61612315,3,mentor
677,lauracion,Argentina,ARG,Ciudad Autónoma De Buenos Aires,-58.43562340522388,-34.61612315,5,participant
678,lauracion,Argentina,ARG,Ciudad Autónoma De Buenos Aires,-58.43562340522388,-34.61612315,8,facilitator
679,lauradascenzi,Argentina,ARG,Córdoba,-4.7760138,37.8845813,8,participant
680,laurah-nyasita-ondari,Kenya,KEN,Nairobi,36.8288420082562,-1.3026148499999999,7,facilitator
681,laurah-nyasita-ondari,Kenya,KEN,Nairobi,36.8288420082562,-1.3026148499999999,8,facilitator
682,laurichi13,Spain,ESP,,,,2,participant
683,lazycipher,India,IND,,,,1,participant
684,lcbreedt,Netherlands,NLD,Amsterdam,4.8924534,52.3730796,8,participant
685,lenny-teytelman,,,,,,3,speaker
686,lessa-tchohou-fabrice,Cameroon,CMR,Centre,1.7324062,47.5490251,7,participant
687,lessa-tchohou-fabrice,Cameroon,CMR,Centre,1.7324062,47.5490251,8,facilitator
688,lilian9,Kenya,KEN,,,,1,participant
689,lilian9,Kenya,KEN,,,,2,mentor
690,lisanna,Germany,DEU,Heidelberg,8.694724,49.4093582,4,participant
691,lisanna,Germany,DEU,Heidelberg,8.694724,49.4093582,5,mentor
692,lisanna,Germany,DEU,Heidelberg,8.694724,49.4093582,6,mentor
693,lomaxboydphd,United States,USA,New York,-74.0060152,40.7127281,3,participant
694,loreleyls,United States,USA,Falmouth,-5.0688262,50.1552197,8,participant
695,loubez,South Africa,ZAF,Cape Town,18.417396,-33.928992,3,expert
696,loubez,South Africa,ZAF,Cape Town,18.417396,-33.928992,3,mentor
697,lpantano,Spain,ESP,,,,2,mentor
698,luispedro,China,CHN,Shanghai,121.4700152,31.2312707,1,expert
699,luispedro,China,CHN,Shanghai,121.4700152,31.2312707,1,mentor
700,luispedro,China,CHN,Shanghai,121.4700152,31.2312707,2,expert
701,luispedro,China,CHN,Shanghai,121.4700152,31.2312707,2,mentor
702,luispedro,China,CHN,Shanghai,121.4700152,31.2312707,5,expert
703,luispedro,China,CHN,Shanghai,121.4700152,31.2312707,5,mentor
704,luispedro,China,CHN,Shanghai,121.4700152,31.2312707,6,speaker
705,lukehare,United Kingdom,GBR,London,-0.14405508452768728,51.4893335,4,participant
706,lukehare,United Kingdom,GBR,London,-0.14405508452768728,51.4893335,5,participant
707,lwbwalma,Netherlands,NLD,Delft,4.362724538543995,51.999457199999995,5,participant
708,lwinfree,United States,USA,Austin,-97.7436995,30.2711286,1,speaker
709,lwinfree,United States,USA,Austin,-97.7436995,30.2711286,2,expert
710,lwinfree,United States,USA,Austin,-97.7436995,30.2711286,2,speaker
711,lwinfree,United States,USA,Austin,-97.7436995,30.2711286,4,expert
712,lwinfree,United States,USA,Austin,-97.7436995,30.2711286,4,mentor
713,lwinfree,United States,USA,Austin,-97.7436995,30.2711286,5,speaker
714,lwinfree,United States,USA,Austin,-97.7436995,30.2711286,6,expert
715,lydiafrance,United Kingdom,GBR,London,-0.14405508452768728,51.4893335,4,participant
716,lydiafrance,United Kingdom,GBR,London,-0.14405508452768728,51.4893335,5,participant
717,macziatko,Ireland,IRL,Dublin,-6.2605593,53.3493795,6,participant
718,macziatko,Ireland,IRL,Dublin,-6.2605593,53.3493795,7,facilitator
719,macziatko,Ireland,IRL,Dublin,-6.2605593,53.3493795,7,mentor
720,macziatko,Ireland,IRL,Dublin,-6.2605593,53.3493795,8,expert
721,macziatko,Ireland,IRL,Dublin,-6.2605593,53.3493795,8,facilitator
722,macziatko,Ireland,IRL,Dublin,-6.2605593,53.3493795,8,mentor
723,magicmilly,United States,USA,,,,1,participant
724,mai-alajaji,Saudi Arabia,SAU,Riyadh,46.7160104,24.638916,4,participant
725,malloryfreeberg,United Kingdom,GBR,Cambridge,0.1186637,52.2055314,2,mentor
726,malloryfreeberg,United Kingdom,GBR,Cambridge,0.1186637,52.2055314,3,mentor
727,malloryfreeberg,United Kingdom,GBR,Cambridge,0.1186637,52.2055314,6,expert
728,malloryfreeberg,United Kingdom,GBR,Cambridge,0.1186637,52.2055314,6,mentor
729,malloryfreeberg,United Kingdom,GBR,Cambridge,0.1186637,52.2055314,6,speaker
730,malloryfreeberg,United Kingdom,GBR,Cambridge,0.1186637,52.2055314,8,mentor
731,malvikasharan,United Kingdom,GBR,London,-0.14405508452768728,51.4893335,1,organizer
732,malvikasharan,United Kingdom,GBR,London,-0.14405508452768728,51.4893335,1,mentor
733,malvikasharan,United Kingdom,GBR,London,-0.14405508452768728,51.4893335,1,mentor
734,malvikasharan,United Kingdom,GBR,London,-0.14405508452768728,51.4893335,1,mentor
735,malvikasharan,United Kingdom,GBR,London,-0.14405508452768728,51.4893335,1,speaker
736,malvikasharan,United Kingdom,GBR,London,-0.14405508452768728,51.4893335,1,speaker
737,malvikasharan,United Kingdom,GBR,London,-0.14405508452768728,51.4893335,1,speaker
738,malvikasharan,United Kingdom,GBR,London,-0.14405508452768728,51.4893335,2,expert
739,malvikasharan,United Kingdom,GBR,London,-0.14405508452768728,51.4893335,2,organizer
740,malvikasharan,United Kingdom,GBR,London,-0.14405508452768728,51.4893335,2,mentor
741,malvikasharan,United Kingdom,GBR,London,-0.14405508452768728,51.4893335,2,mentor
742,malvikasharan,United Kingdom,GBR,London,-0.14405508452768728,51.4893335,3,expert
743,malvikasharan,United Kingdom,GBR,London,-0.14405508452768728,51.4893335,3,organizer
744,malvikasharan,United Kingdom,GBR,London,-0.14405508452768728,51.4893335,3,mentor
745,malvikasharan,United Kingdom,GBR,London,-0.14405508452768728,51.4893335,3,mentor
746,malvikasharan,United Kingdom,GBR,London,-0.14405508452768728,51.4893335,3,mentor
747,malvikasharan,United Kingdom,GBR,London,-0.14405508452768728,51.4893335,3,speaker
748,malvikasharan,United Kingdom,GBR,London,-0.14405508452768728,51.4893335,3,speaker
749,malvikasharan,United Kingdom,GBR,London,-0.14405508452768728,51.4893335,4,organizer
750,malvikasharan,United Kingdom,GBR,London,-0.14405508452768728,51.4893335,4,speaker
751,malvikasharan,United Kingdom,GBR,London,-0.14405508452768728,51.4893335,5,organizer
752,malvikasharan,United Kingdom,GBR,London,-0.14405508452768728,51.4893335,5,participant
753,malvikasharan,United Kingdom,GBR,London,-0.14405508452768728,51.4893335,5,mentor
754,malvikasharan,United Kingdom,GBR,London,-0.14405508452768728,51.4893335,5,mentor
755,malvikasharan,United Kingdom,GBR,London,-0.14405508452768728,51.4893335,5,mentor
756,malvikasharan,United Kingdom,GBR,London,-0.14405508452768728,51.4893335,5,speaker
757,malvikasharan,United Kingdom,GBR,London,-0.14405508452768728,51.4893335,6,organizer
758,malvikasharan,United Kingdom,GBR,London,-0.14405508452768728,51.4893335,6,mentor
759,malvikasharan,United Kingdom,GBR,London,-0.14405508452768728,51.4893335,6,speaker
760,malvikasharan,United Kingdom,GBR,London,-0.14405508452768728,51.4893335,7,organizer
761,malvikasharan,United Kingdom,GBR,London,-0.14405508452768728,51.4893335,7,mentor
762,malvikasharan,United Kingdom,GBR,London,-0.14405508452768728,51.4893335,7,speaker
763,malvikasharan,United Kingdom,GBR,London,-0.14405508452768728,51.4893335,8,organizer
764,malvikasharan,United Kingdom,GBR,London,-0.14405508452768728,51.4893335,8,speaker
765,malvikasharan,United Kingdom,GBR,London,-0.14405508452768728,51.4893335,8,speaker
766,manulera,France,FRA,Paris,2.3200410217200766,48.8588897,4,facilitator
767,manulera,France,FRA,Paris,2.3200410217200766,48.8588897,4,participant
768,manulera,France,FRA,Paris,2.3200410217200766,48.8588897,5,facilitator
769,marbarrantescepas,Spain,ESP,,,,8,participant
770,marcel-laflamme,United States,USA,,,,4,speaker
771,marco-madella,Spain,ESP,Barcelona,2.1774322,41.3828939,3,participant
772,marcoanteghini,Germany,DEU,Berlin,13.3888599,52.5170365,6,speaker
773,marcotxma,Germany,DEU,Munich,11.5753822,48.1371079,7,participant
774,maria-andrea-gonzales-castillo,Peru,PER,Lima,-77.0365256,-12.0621065,5,participant
775,maria-clara-heringer-lourenço,,,,,,7,participant
776,mariangelap,Italy,ITA,Genova,8.9338624,44.40726,5,participant
777,marie-nugent,United Kingdom,GBR,London,-0.14405508452768728,51.4893335,6,participant
778,marielaraj,Argentina,ARG,Ciudad De Buenos Aires,-58.4370894,-34.6075682,7,participant
779,marielaraj,Argentina,ARG,Ciudad De Buenos Aires,-58.4370894,-34.6075682,8,mentor
780,marimeireles,Germany,DEU,Berlin,13.3888599,52.5170365,6,expert
781,marimeireles,Germany,DEU,Berlin,13.3888599,52.5170365,6,mentor
782,marimeireles,Germany,DEU,Berlin,13.3888599,52.5170365,8,speaker
783,markuskonk,Netherlands,NLD,Enschede,6.870595664097989,52.22336325,4,expert
784,marlou-ramaekers,Netherlands,NLD,Amsterdam,4.8924534,52.3730796,8,participant
785,marta-lloret-llinares,United Kingdom,GBR,Cambridge,0.1186637,52.2055314,3,expert
786,marta-marin,Spain,ESP,Madrid,-3.7035825,40.4167047,3,participant
787,martenson,Czechia,CZE,,,,2,expert
788,martinagvilas,Germany,DEU,Frankfurt Am Main,8.6820917,50.1106444,2,expert
789,martinagvilas,Germany,DEU,Frankfurt Am Main,8.6820917,50.1106444,2,mentor
790,martinagvilas,Germany,DEU,Frankfurt Am Main,8.6820917,50.1106444,3,expert
791,martinagvilas,Germany,DEU,Frankfurt Am Main,8.6820917,50.1106444,3,participant
792,martlj,United Kingdom,GBR,London,-0.14405508452768728,51.4893335,4,mentor
793,martlj,United Kingdom,GBR,London,-0.14405508452768728,51.4893335,6,expert
794,marzia-di-filippo,Italy,ITA,Milano,9.1896346,45.4641943,3,participant
795,masako-kaufmann,Germany,DEU,Freiburg,7.8494005,47.9960901,3,participant
796,matouse,United Kingdom,GBR,London,-0.14405508452768728,51.4893335,6,expert
797,matuskalas,Norway,NOR,,,,1,participant
798,mblue9,Australia,AUS,,,,2,expert
799,mdbarker,Australia,AUS,,,,7,speaker
800,meagdoh,United States,USA,Washington,-77.0365427,38.8950368,2,expert
801,meagdoh,United States,USA,Washington,-77.0365427,38.8950368,2,mentor
802,meagdoh,United States,USA,Washington,-77.0365427,38.8950368,3,expert
803,meagdoh,United States,USA,Washington,-77.0365427,38.8950368,3,mentor
804,meagdoh,United States,USA,Washington,-77.0365427,38.8950368,4,expert
805,meagdoh,United States,USA,Washington,-77.0365427,38.8950368,4,mentor
806,meagdoh,United States,USA,Washington,-77.0365427,38.8950368,5,mentor
807,meagdoh,United States,USA,Washington,-77.0365427,38.8950368,7,speaker
808,megan-lisa-stock,,,,,,6,participant
809,megmugure,Kenya,KEN,Nairobi,36.8288420082562,-1.3026148499999999,1,participant
810,megmugure,Kenya,KEN,Nairobi,36.8288420082562,-1.3026148499999999,3,expert
811,mehak-chopra,India,IND,Puducherry,79.8306447,11.9340568,3,participant
812,melibleq,Brazil,BRA,São Paulo,-47.1583944,-1.2043218,6,expert
813,melibleq,Brazil,BRA,São Paulo,-47.1583944,-1.2043218,6,speaker
814,melibleq,Brazil,BRA,São Paulo,-47.1583944,-1.2043218,7,facilitator
815,melibleq,Brazil,BRA,São Paulo,-47.1583944,-1.2043218,7,mentor
816,melibleq,Brazil,BRA,São Paulo,-47.1583944,-1.2043218,8,participant
817,merrcury,India,IND,Kurukshetra,76.8482787,29.9693747,4,expert
818,mesfind,Ethiopia,ETH,,,,2,mentor
819,mgawe-cavin,Kenya,KEN,"Nairobi, Kenya",36.8288420082562,-1.3026148499999999,5,participant
820,mgawe-cavin,Kenya,KEN,"Nairobi, Kenya",36.8288420082562,-1.3026148499999999,6,facilitator
821,michael-addy,Ghana,GHA,Kumasi,-1.6233086,6.6985605,4,participant
822,michael-addy,Ghana,GHA,Kumasi,-1.6233086,6.6985605,5,mentor
823,michal-javornik,Czechia,CZE,Brno,16.6113382,49.1922443,3,participant
824,michal-ruzicka,Czechia,CZE,Brno,16.6113382,49.1922443,3,participant
825,miguel-silan,France,FRA,Metro Manila / Grenoble,,,7,expert
826,miguel-silan,France,FRA,Metro Manila / Grenoble,,,8,speaker
827,mihaelanemes,United Kingdom,GBR,London,-0.14405508452768728,51.4893335,3,participant
828,miketrizna,United States,USA,"Washington, Dc",-77.0365427,38.8950368,7,participant
829,milagro-urricariet,Argentina,ARG,Ciudad Autónoma De Buenos Aires,-58.4370894,-34.6075682,8,expert
830,milagro-urricariet,Argentina,ARG,Ciudad Autónoma De Buenos Aires,-58.4370894,-34.6075682,8,participant
831,milagros-miceli,Germany,DEU,Berlin,13.3888599,52.5170365,7,mentor
832,mishrose123,United Kingdom,GBR,Cambridge,0.1186637,52.2055314,3,expert
833,mitch-kitoi,Kenya,KEN,Nairobi,36.82884201813725,-1.3026148499999999,8,participant
834,miytek,Netherlands,NLD,Delft,4.362724538543995,51.999457199999995,8,participant
835,mkuzak,Netherlands,NLD,,,,1,expert
836,mkuzak,Netherlands,NLD,,,,1,mentor
837,mkuzak,Netherlands,NLD,,,,1,speaker
838,mkuzak,Netherlands,NLD,,,,2,expert
839,mkuzak,Netherlands,NLD,,,,2,speaker
840,mlagisz,Australia,AUS,Sydney,-60.194092,46.137977,6,participant
841,mloning,United Kingdom,GBR,,,,2,mentor
842,mloning,United Kingdom,GBR,,,,2,participant
843,mmasibidi,South Africa,ZAF,Potchefstroom,27.095833,-26.707778,8,participant
844,moengels,,,,,,6,participant
845,mohan-gupta,Nepal,NPL,Kathmandu,85.3205817,27.708317,3,participant
846,mona-zimmermann,Netherlands,NLD,Amsterdam,4.8924534,52.3730796,8,participant
847,monica-alonso,Argentina,ARG,,,,8,participant
848,monica-granados,,,,,,8,speaker
849,monsurat-onabajo,Nigeria,NGA,,,,8,participant
850,morphofun,United States,USA,,,,1,participant
851,mruizvelley,Germany,DEU,,,,1,expert
852,msundukova,Spain,ESP,Bilbao,-2.9350039,43.2630018,3,facilitator
853,msundukova,Spain,ESP,Bilbao,-2.9350039,43.2630018,4,facilitator
854,msundukova,Spain,ESP,Bilbao,-2.9350039,43.2630018,5,expert
855,msundukova,Spain,ESP,Bilbao,-2.9350039,43.2630018,5,facilitator
856,msundukova,Spain,ESP,Bilbao,-2.9350039,43.2630018,5,mentor
857,msundukova,Spain,ESP,Bilbao,-2.9350039,43.2630018,6,expert
858,msundukova,Spain,ESP,Bilbao,-2.9350039,43.2630018,6,facilitator
859,msundukova,Spain,ESP,Bilbao,-2.9350039,43.2630018,6,mentor
860,msundukova,Spain,ESP,Bilbao,-2.9350039,43.2630018,6,participant
861,mtthsdzwn,Netherlands,NLD,Amsterdam,4.8924534,52.3730796,8,participant
862,muhammetcelik,Turkey,TUR,,,,2,participant
863,muhammetcelik,Turkey,TUR,,,,3,participant
864,muhammetcelik,Turkey,TUR,,,,5,mentor
865,mvdbeek,France,FRA,,,,1,expert
866,mxrtinez,Colombia,COL,Bucaramanga,-73.1047294009737,7.16698415,3,participant
867,mxrtinez,Colombia,COL,Bucaramanga,-73.1047294009737,7.16698415,4,expert
868,mxrtinez,Colombia,COL,Bucaramanga,-73.1047294009737,7.16698415,4,mentor
869,mxrtinez,Colombia,COL,Bucaramanga,-73.1047294009737,7.16698415,5,mentor
870,mxrtinez,Colombia,COL,Bucaramanga,-73.1047294009737,7.16698415,6,expert
871,mxrtinez,Colombia,COL,Bucaramanga,-73.1047294009737,7.16698415,6,speaker
872,mxrtinez,Colombia,COL,Bucaramanga,-73.1047294009737,7.16698415,7,mentor
873,mxrtinez,Colombia,COL,Bucaramanga,-73.1047294009737,7.16698415,7,participant
874,mxrtinez,Colombia,COL,Bucaramanga,-73.1047294009737,7.16698415,8,mentor
875,myreille-larouche,Canada,CAN,,,,2,participant
876,nadia-odaliz-chamana-chura,Peru,PER,Lima,-77.0365256,-12.0621065,5,participant
877,nadinespy,United Kingdom,GBR,Brighton,-0.1400561,50.8214626,4,participant
878,nadinespy,United Kingdom,GBR,Brighton,-0.1400561,50.8214626,6,expert
879,nadinespy,United Kingdom,GBR,Brighton,-0.1400561,50.8214626,6,mentor
880,nadinespy,United Kingdom,GBR,Brighton,-0.1400561,50.8214626,8,expert
881,nadinespy,United Kingdom,GBR,Brighton,-0.1400561,50.8214626,8,mentor
882,nadza-dzinalija,,,,,,8,participant
883,nahuele,Argentina,ARG,Vicente Lopez,-58.5036282,-34.5244484,7,participant
884,nanje-patrick-itarngoh,Cameroon,CMR,Buea,9.2315519,4.1567995,8,participant
885,naralb,Brazil,BRA,,,,1,participant
886,natalie-banner,United Kingdom,GBR,London,-0.14405508452768728,51.4893335,3,speaker
887,natalie-banner,United Kingdom,GBR,London,-0.14405508452768728,51.4893335,6,mentor
888,natasha_wood,South Africa,ZAF,Cape Town,18.417396,-33.928992,2,speaker
889,nathanael-kedmayla,Cameroon,CMR,Yaounde,11.5213344,3.8689867,7,participant
890,natty2012,Kenya,KEN,,,,2,participant
891,nea-bridget,United Kingdom,GBR,London,-0.14405508452768728,51.4893335,5,participant
892,nehamoopen,Netherlands,NLD,,,,2,participant
893,nelson-franco,Bolivia,,Cochabamba,-66.1568983,-17.3936114,5,participant
894,nerantzis,Greece,GRC,,,,1,expert
895,nerantzis,Greece,GRC,,,,2,expert
896,nessa111987,United Kingdom,GBR,Oxford,-1.2578499,51.7520131,8,expert
897,nick-barlow,United Kingdom,GBR,,,,4,speaker
898,nickynicolson,United Kingdom,GBR,London,-0.14405508452768728,51.4893335,6,participant
899,nickynicolson,United Kingdom,GBR,London,-0.14405508452768728,51.4893335,8,mentor
900,niels-reijner,Netherlands,NLD,Amsterdam,4.8924534,52.3730796,8,participant
901,nihansultan,Turkey,TUR,İstanbul,29.052495,41.0766019,3,participant
902,nihansultan,Turkey,TUR,İstanbul,29.052495,41.0766019,5,participant
903,nikoleta-v3,,,,,,4,speaker
904,nilabha1512,,,,,,6,participant
905,nina-roux,,,,,,6,participant
906,nlois,Argentina,ARG,Buenos Aires,-58.4370894,-34.6075682,8,participant
907,nodiraibrogimova,Uzbekistan,UZB,Tashkent,69.2787079,41.3123363,5,participant
908,nomadscientist,United Kingdom,GBR,Cambridge,0.1186637,52.2055314,3,expert
909,nomalu,South Africa,ZAF,Pretoria,28.1879101,-25.7459277,6,participant
910,npalopoli,Argentina,ARG,Buenos Aires,-58.4370894,-34.6075682,2,expert
911,npalopoli,Argentina,ARG,Buenos Aires,-58.4370894,-34.6075682,3,expert
912,npalopoli,Argentina,ARG,Buenos Aires,-58.4370894,-34.6075682,8,mentor
913,npalopoli,Argentina,ARG,Buenos Aires,-58.4370894,-34.6075682,8,participant
914,npch,,,,,,3,speaker
915,npdebs,Nigeria,NGA,Port Harcourt.,7.0188527,4.7676576,7,participant
916,npdebs,Nigeria,NGA,Port Harcourt.,7.0188527,4.7676576,8,facilitator
917,npscience,United Kingdom,GBR,,,,1,expert
918,npscience,United Kingdom,GBR,,,,1,mentor
919,npscience,United Kingdom,GBR,,,,2,expert
920,npscience,United Kingdom,GBR,,,,2,mentor
921,npscience,United Kingdom,GBR,,,,4,expert
922,nsoranzo,United Kingdom,GBR,,,,1,expert
923,nwakaego-gloria-ashiegbu,Nigeria,NGA,Umudike / Abia State,7.533333,5.5,8,participant
924,nyasita,Kenya,KEN,Nairobi,36.8288420082562,-1.3026148499999999,6,participant
925,nyasita,Kenya,KEN,Nairobi,36.8288420082562,-1.3026148499999999,7,mentor
926,nyasita,Kenya,KEN,Nairobi,36.8288420082562,-1.3026148499999999,8,mentor
927,olayile,South Africa,ZAF,Pretoria,28.1879101,-25.7459277,3,participant
928,olexandr-konovalov,United Kingdom / Ukraine,,,,,7,speaker
929,olsjuju,South Korea,,Seoul,126.9782914,37.5666791,5,participant
930,olsjuju,South Korea,,Seoul,126.9782914,37.5666791,6,mentor
931,olufemi-adesope,Nigeria,NGA,Port Harcourt,7.0188527,4.7676576,8,participant
932,onwumere.joseph,Nigeria,NGA,"Umudike, Abia State",7.533333,5.5,8,participant
933,orchid00,Australia,AUS,,,,1,expert
934,orchid00,Australia,AUS,,,,2,expert
935,orchid00,Australia,AUS,,,,2,speaker
936,osatashamim,Kenya,KEN,Nairobi,36.8288420082562,-1.3026148499999999,6,participant
937,paolo-pedaletti,Italy,ITA,Milano,9.1896346,45.4641943,3,participant
938,patriloto,Argentina,ARG,Resistencia - Chaco,-59.19320025100798,-27.6048829,7,participant
939,patriloto,Argentina,ARG,Resistencia - Chaco,-59.19320025100798,-27.6048829,8,mentor
940,paulinegachanja,Kenya,KEN,Kilifi,39.67507159193717,-3.15073925,8,participant
941,paulineligonie,Canada,CAN,,,,2,participant
942,paulmaxus,Netherlands,NLD,Amsterdam,4.8924534,52.3730796,8,participant
943,paulowoicho,Nigeria,NGA,,,,2,participant
944,paulvill,France,FRA,,,,2,expert
945,pazbc,Argentina,ARG,,,,5,organizer
946,pazbc,Argentina,ARG,,,,6,organizer
947,pazbc,Argentina,ARG,,,,6,speaker
948,pazbc,Argentina,ARG,,,,6,speaker
949,pazbc,Argentina,ARG,,,,7,organizer
950,pazbc,Argentina,ARG,,,,7,speaker
951,pazbc,Argentina,ARG,,,,8,organizer
952,pazmiguez,Argentina,ARG,Buenos Aires,-58.4370894,-34.6075682,8,expert
953,pazmiguez,Argentina,ARG,Buenos Aires,-58.4370894,-34.6075682,8,participant
954,peranti,France,FRA,Paris,2.3483915,48.8534951,7,facilitator
955,peranti,France,FRA,Paris,2.3483915,48.8534951,8,facilitator
956,pescini,Italy,ITA,Milan,9.1896346,45.4641943,3,participant
957,pescini,Italy,ITA,Milan,9.1896346,45.4641943,4,mentor
958,petraag,Cameroon,CMR,Bamenda,10.1516505,5.9614117,7,participant
959,phaarouknucleus,Nigeria,NGA,Kano,8.5364136,11.8948389,6,participant
960,phaarouknucleus,Nigeria,NGA,Kano,8.5364136,11.8948389,7,facilitator
961,phaarouknucleus,Nigeria,NGA,Kano,8.5364136,11.8948389,7,speaker
962,phaarouknucleus,Nigeria,NGA,Kano,8.5364136,11.8948389,8,expert
963,phaarouknucleus,Nigeria,NGA,Kano,8.5364136,11.8948389,8,facilitator
964,phaarouknucleus,Nigeria,NGA,Kano,8.5364136,11.8948389,8,mentor
965,phaarouknucleus,Nigeria,NGA,Kano,8.5364136,11.8948389,8,mentor
966,pherterich,United Kingdom,GBR,Edinburgh,-3.1883749,55.9533456,1,expert
967,pherterich,United Kingdom,GBR,Edinburgh,-3.1883749,55.9533456,1,mentor
968,pherterich,United Kingdom,GBR,Edinburgh,-3.1883749,55.9533456,1,mentor
969,pherterich,United Kingdom,GBR,Edinburgh,-3.1883749,55.9533456,2,expert
970,pherterich,United Kingdom,GBR,Edinburgh,-3.1883749,55.9533456,2,mentor
971,pherterich,United Kingdom,GBR,Edinburgh,-3.1883749,55.9533456,4,speaker
972,pherterich,United Kingdom,GBR,Edinburgh,-3.1883749,55.9533456,5,expert
973,pherterich,United Kingdom,GBR,Edinburgh,-3.1883749,55.9533456,5,mentor
974,pherterich,United Kingdom,GBR,Edinburgh,-3.1883749,55.9533456,6,expert
975,pherterich,United Kingdom,GBR,Edinburgh,-3.1883749,55.9533456,7,mentor
976,piero-beraun,Peru,PER,Lima,-77.0365256,-12.0621065,5,participant
977,pinheirochagas,United States,USA,San Francisco,-122.419906,37.7790262,5,participant
978,pivg,United Kingdom,GBR,Cambridge,0.1186637,52.2055314,2,mentor
979,pivg,United Kingdom,GBR,Cambridge,0.1186637,52.2055314,3,expert
980,pivg,United Kingdom,GBR,Cambridge,0.1186637,52.2055314,3,mentor
981,pivg,United Kingdom,GBR,Cambridge,0.1186637,52.2055314,5,speaker
982,pivg,United Kingdom,GBR,Cambridge,0.1186637,52.2055314,6,speaker
983,pol-arranz-gibert,,,,,,6,participant
984,pradeep-eranti,France,FRA,,,,2,participant
985,pradeep-eranti,France,FRA,,,,8,mentor
986,prakriti-karki,Nepal,NPL,Kathmandu,85.3205817,27.708317,3,participant
987,prashbio,India,IND,Jaipur,75.8189817,26.9154576,3,expert
988,prashbio,India,IND,Jaipur,75.8189817,26.9154576,3,participant
989,prashbio,India,IND,Jaipur,75.8189817,26.9154576,3,mentor
990,princehoodie,Argentina,ARG,Buenos Aires,-58.4370894,-34.6075682,4,participant
991,proccaserra,United Kingdom,GBR,Oxford,-1.2578499,51.7520131,2,speaker
992,proccaserra,United Kingdom,GBR,Oxford,-1.2578499,51.7520131,3,expert
993,profgiuseppe,Italy,ITA,Bologna,11.3426327,44.4938203,1,expert
994,profgiuseppe,Italy,ITA,Bologna,11.3426327,44.4938203,2,expert
995,profgiuseppe,Italy,ITA,Bologna,11.3426327,44.4938203,3,expert
996,profgiuseppe,Italy,ITA,Bologna,11.3426327,44.4938203,4,expert
997,profgiuseppe,Italy,ITA,Bologna,11.3426327,44.4938203,6,expert
998,profgiuseppe,Italy,ITA,Bologna,11.3426327,44.4938203,8,expert
999,pvanheus,South Africa,ZAF,,,,2,participant
1000,pvanheus,South Africa,ZAF,,,,6,participant
1001,r-huo,Netherlands,NLD,Delft,4.362724538543995,51.999457199999995,6,participant
1002,rainsworth,United Kingdom,GBR,Manchester,-2.2451148,53.4794892,1,expert
1003,rainsworth,United Kingdom,GBR,Manchester,-2.2451148,53.4794892,2,expert
1004,rainsworth,United Kingdom,GBR,Manchester,-2.2451148,53.4794892,2,speaker
1005,rainsworth,United Kingdom,GBR,Manchester,-2.2451148,53.4794892,3,expert
1006,raoofphysics,United Kingdom,GBR,Bristol,-2.5972985,51.4538022,5,participant
1007,raphaels1,United Kingdom,GBR,London,-0.14405508452768728,51.4893335,5,expert
1008,reinout-de-vries,Netherlands,NLD,Amsterdam,4.8924534,52.3730796,8,participant
1009,rgaiacs,Brazil,BRA,,,,2,expert
1010,rgaiacs,Brazil,BRA,,,,2,mentor
1011,rgaiacs,Brazil,BRA,,,,5,speaker
1012,rgiessmann,Germany,DEU,Berlin,13.3888599,52.5170365,8,participant
1013,rhoné-roux,,,,,,6,participant
1014,richarddushime,Uganda,UGA,Kampala,32.5813539,0.3177137,7,participant
1015,richarddushime,Uganda,UGA,Kampala,32.5813539,0.3177137,8,expert
1016,rivaquiroga,Chile,CHL,Valparaíso,-71.6196749,-33.0458456,7,mentor
1017,rivaquiroga,Chile,CHL,Valparaíso,-71.6196749,-33.0458456,8,mentor
1018,robandeep-kaur,India,IND,Jalandhar,75.576889,31.3323762,3,participant
1019,robert-schreiber,South Africa,ZAF,Hermanus,19.2361111,-34.4175,5,participant
1020,robin-lewando,Ireland,IRL,Drimoleague,-9.2599704,51.6608501,3,participant
1021,rodrigocam,Brazil,BRA,,,,1,mentor
1022,romina-pendino,Argentina,ARG,"Rosario, Santa Fe",-60.6617024,-32.9593609,8,participant
1023,romina-trinchin,Uruguay,URY,Montevideo,-56.1913095,-34.9058916,8,participant
1024,romullo-lima,Brazil,BRA,Rio De Janeiro,-43.2093727,-22.9110137,6,participant
1025,roné-wierenga,South Africa,ZAF,Pretoria,28.1879101,-25.7459277,8,participant
1026,rossmounce,United Kingdom,GBR,,,,2,expert
1027,rowland-mosbergen,Australia,AUS,,,,3,speaker
1028,rowland-mosbergen,Australia,AUS,,,,5,speaker
1029,rowland-mosbergen,Australia,AUS,,,,7,mentor
1030,ruben-lacroix,Netherlands,NLD,Amsterdam,4.8924534,52.3730796,8,participant
1031,rukynas,Portugal,PRT,Porto,-8.6107884,41.1494512,3,participant
1032,rushda-patel,India,IND,,,,6,participant
1033,sairajdillikar,India,IND,Mysore,76.6553609,12.3051828,5,participant
1034,samguay,Canada,CAN,,,,1,participant
1035,samguay,Canada,CAN,,,,2,mentor
1036,samuelorion,Canada,CAN,,,,2,participant
1037,samvanstroud,United Kingdom,GBR,London,-0.14405508452768728,51.4893335,2,participant
1038,samvanstroud,United Kingdom,GBR,London,-0.14405508452768728,51.4893335,3,expert
1039,samvanstroud,United Kingdom,GBR,London,-0.14405508452768728,51.4893335,4,speaker
1040,sandra-larriega,Peru,PER,Ñima,23.8675381,47.0759396,5,participant
1041,sandrine-kengne,Cameroon,CMR,Yaounde,11.5213344,3.8689867,7,participant
1042,santi-rello-varona,Spain,ESP,Madrid,-3.7035825,40.4167047,3,participant
1043,santosrac,Brazil,BRA,Piracicaba,-47.6493269,-22.725165,2,expert
1044,santosrac,Brazil,BRA,Piracicaba,-47.6493269,-22.725165,5,expert
1045,sapetti9,Italy,ITA,Bologna,11.3426327,44.4938203,6,expert
1046,sapetti9,Italy,ITA,Bologna,11.3426327,44.4938203,6,speaker
1047,sarah-lippincott,United States,USA,,,,8,speaker
1048,sarah-nietopski,United Kingdom,GBR,London,-0.14405508452768728,51.4893335,5,participant
1049,saranjeetkaur,India,IND,Gurgaon,77.00270014657752,28.42826235,4,participant
1050,saranjeetkaur,India,IND,Gurgaon,77.00270014657752,28.42826235,6,participant
1051,saranjeetkaur,India,IND,Gurgaon,77.00270014657752,28.42826235,7,mentor
1052,saranjeetkaur,India,IND,Gurgaon,77.00270014657752,28.42826235,8,mentor
1053,saravilla,United Kingdom,GBR,London,-0.12765,51.5073359,4,participant
1054,saravilla,United Kingdom,GBR,London,-0.12765,51.5073359,5,mentor
1055,saravilla,United Kingdom,GBR,London,-0.12765,51.5073359,6,expert
1056,saravilla,United Kingdom,GBR,London,-0.12765,51.5073359,6,mentor
1057,saravilla,United Kingdom,GBR,London,-0.12765,51.5073359,7,mentor
1058,saravilla,United Kingdom,GBR,London,-0.12765,51.5073359,8,expert
1059,saravilla,United Kingdom,GBR,London,-0.12765,51.5073359,8,mentor
1060,sarenaz,Kazakhstan,KAZ,Astana (Nursultan),71.4306682,51.1282205,5,participant
1061,saryace,Chile,CHL,Santiago,-83.7980749,9.8694792,7,participant
1062,saskiafreytag,Australia,AUS,Melbourne,144.9631732,-37.8142454,8,speaker
1063,satagopam7,Luxembourg,LUX,,,,1,expert
1064,sayalaruano,Netherlands,NLD,Maastricht,5.6969881818221095,50.85798545,4,participant
1065,sayalaruano,Netherlands,NLD,Maastricht,5.6969881818221095,50.85798545,5,mentor
1066,sayalaruano,Netherlands,NLD,Maastricht,5.6969881818221095,50.85798545,6,expert
1067,sayalaruano,Netherlands,NLD,Maastricht,5.6969881818221095,50.85798545,6,speaker
1068,sayalaruano,Netherlands,NLD,Maastricht,5.6969881818221095,50.85798545,7,mentor
1069,sayalaruano,Netherlands,NLD,Maastricht,5.6969881818221095,50.85798545,8,mentor
1070,scottbgi,Hong Kong,HKG,,,,8,speaker
1071,sdopoku,Ghana,GHA,,,,2,expert
1072,sdopoku,Ghana,GHA,,,,2,mentor
1073,sdopoku,Ghana,GHA,,,,2,speaker
1074,sdopoku,Ghana,GHA,,,,3,speaker
1075,sdruskat,Germany,DEU,,,,4,speaker
1076,sdruskat,Germany,DEU,,,,5,speaker
1077,sebastianeggert,Germany,DEU,,,,2,participant
1078,selgebali,Sweden,SWE,Gothenburg,-100.1619896,40.9277324,4,expert
1079,selgebali,Sweden,SWE,Gothenburg,-100.1619896,40.9277324,4,speaker
1080,selgebali,Sweden,SWE,Gothenburg,-100.1619896,40.9277324,5,expert
1081,selgebali,Sweden,SWE,Gothenburg,-100.1619896,40.9277324,5,mentor
1082,selgebali,Sweden,SWE,Gothenburg,-100.1619896,40.9277324,6,expert
1083,selgebali,Sweden,SWE,Gothenburg,-100.1619896,40.9277324,6,mentor
1084,selgebali,Sweden,SWE,Gothenburg,-100.1619896,40.9277324,8,mentor
1085,serahrono,Estonia,EST,Tallinn,24.7453688,59.4372155,3,expert
1086,seunolufemi123,Nigeria,NGA,Ogbomoso,4.25,8.133,7,participant
1087,seunolufemi123,Nigeria,NGA,Ogbomoso,4.25,8.133,8,expert
1088,seunolufemi123,Nigeria,NGA,Ogbomoso,4.25,8.133,8,facilitator
1089,sgibson91,United Kingdom,GBR,London,-0.14405508452768728,51.4893335,2,expert
1090,sgibson91,United Kingdom,GBR,London,-0.14405508452768728,51.4893335,2,mentor
1091,sgibson91,United Kingdom,GBR,London,-0.14405508452768728,51.4893335,3,expert
1092,sgibson91,United Kingdom,GBR,London,-0.14405508452768728,51.4893335,3,participant
1093,sgibson91,United Kingdom,GBR,London,-0.14405508452768728,51.4893335,3,mentor
1094,sgsfak,,,,,,3,participant
1095,shmuhammad2004,Nigeria,NGA,Kano,8.5364136,11.8948389,3,participant
1096,sithyphus,United States,USA,,,,1,participant
1097,sivasubramanian-murugappan,Ireland,IRL,Limerick,-8.6301239,52.661252,7,participant
1098,sjb287,United States,USA,Urbana,-88.207301,40.1117174,3,participant
1099,sk-sahu,India,IND,,,,2,participant
1100,sladjana-lukic,United States,USA,New York City,-74.0060152,40.7127281,5,participant
1101,slldec,Argentina,ARG,Buenos Aires,-58.4370894,-34.6075682,5,participant
1102,slldec,Argentina,ARG,Buenos Aires,-58.4370894,-34.6075682,7,facilitator
1103,slldec,Argentina,ARG,Buenos Aires,-58.4370894,-34.6075682,7,mentor
1104,smhall97,United Kingdom,GBR,Oxford,-1.2578499,51.7520131,6,mentor
1105,smhall97,United Kingdom,GBR,Oxford,-1.2578499,51.7520131,7,participant
1106,smhall97,United Kingdom,GBR,Oxford,-1.2578499,51.7520131,8,mentor
1107,smklusza,United States,USA,Morrow,-82.7771661,40.4574358,2,participant
1108,smklusza,United States,USA,Morrow,-82.7771661,40.4574358,3,expert
1109,smklusza,United States,USA,Morrow,-82.7771661,40.4574358,3,mentor
1110,smklusza,United States,USA,Morrow,-82.7771661,40.4574358,4,expert
1111,smklusza,United States,USA,Morrow,-82.7771661,40.4574358,5,mentor
1112,sofia-kirke-forslund,Germany,DEU,Berlin,13.3888599,52.5170365,2,expert
1113,sonibk,Kenya,KEN,,,,2,participant
1114,spitschan,Germany,DEU,Munich,11.5753822,48.1371079,3,participant
1115,spitschan,Germany,DEU,Munich,11.5753822,48.1371079,7,participant
1116,stefan-gaillard,Netherlands,NLD,,,,2,participant
1117,stefaniebutland,Canada,CAN,Kamloops,-120.339415,50.6758269,3,expert
1118,stefaniebutland,Canada,CAN,Kamloops,-120.339415,50.6758269,5,expert
1119,stefaniebutland,Canada,CAN,Kamloops,-120.339415,50.6758269,8,speaker
1120,sudarshangc,Nepal,NPL,,,,1,participant
1121,susana465,United Kingdom,GBR,,,,6,participant
1122,tai-rocha,Brazil,BRA,Rio De Janeiro,-43.2093727,-22.9110137,2,participant
1123,tai-rocha,Brazil,BRA,Rio De Janeiro,-43.2093727,-22.9110137,3,expert
1124,tajuddeen1,Nigeria,NGA,,,,8,mentor
1125,tallmar,,,,,,6,expert
1126,teddygroves,Denmark,DNK,Copenhagen,12.5700724,55.6867243,8,participant
1127,teresa-cisneros,United Kingdom,GBR,London,-0.14405508452768728,51.4893335,5,expert
1128,teresa-m,Germany,DEU,Freiburg,7.8494005,47.9960901,3,participant
1129,thatspacegirl,India,IND,Bengaluru,77.590082,12.9767936,4,participant
1130,thatspacegirl,India,IND,Bengaluru,77.590082,12.9767936,5,participant
1131,thessaly,United Kingdom,GBR,Bristol,-2.5972985,51.4538022,1,speaker
1132,thessaly,United Kingdom,GBR,Bristol,-2.5972985,51.4538022,2,expert
1133,thessaly,United Kingdom,GBR,Bristol,-2.5972985,51.4538022,2,speaker
1134,thessaly,United Kingdom,GBR,Bristol,-2.5972985,51.4538022,3,expert
1135,thessaly,United Kingdom,GBR,Bristol,-2.5972985,51.4538022,4,expert
1136,thomas-mboa,Cameroon,CMR,,,,3,speaker
1137,tklingstrom,Sweden,SWE,,,,2,expert
1138,tlaguna,Spain,ESP,Madrid,-3.7035825,40.4167047,2,participant
1139,tlaguna,Spain,ESP,Madrid,-3.7035825,40.4167047,3,mentor
1140,tnabtaf,United States,USA,,,,2,expert
1141,tnabtaf,United States,USA,,,,2,mentor
1142,tnabtaf,United States,USA,,,,4,expert
1143,tnabtaf,United States,USA,,,,4,mentor
1144,tobyhodges,Germany,DEU,Heidelberg,8.694724,49.4093582,1,mentor
1145,tobyhodges,Germany,DEU,Heidelberg,8.694724,49.4093582,2,expert
1146,tobyhodges,Germany,DEU,Heidelberg,8.694724,49.4093582,3,expert
1147,tobyhodges,Germany,DEU,Heidelberg,8.694724,49.4093582,3,mentor
1148,tobyhodges,Germany,DEU,Heidelberg,8.694724,49.4093582,3,mentor
1149,tobyhodges,Germany,DEU,Heidelberg,8.694724,49.4093582,6,expert
1150,tobyhodges,Germany,DEU,Heidelberg,8.694724,49.4093582,8,speaker
1151,tokioblues,Argentina,ARG,Salta,-64.3494964,-25.1076701,8,participant
1152,torigijzen,Netherlands,NLD,Amsterdam,4.8924534,52.3730796,8,participant
1153,trallard,United Kingdom,GBR,Manchester,-2.2451148,53.4794892,2,speaker
1154,trevor-hamlin,,,,,,8,participant
1155,tsonika,Australia,AUS,Melbourne,144.9631732,-37.8142454,2,expert
1156,tsonika,Australia,AUS,Melbourne,144.9631732,-37.8142454,2,mentor
1157,tsonika,Australia,AUS,Melbourne,144.9631732,-37.8142454,3,expert
1158,tsonika,Australia,AUS,Melbourne,144.9631732,-37.8142454,3,mentor
1159,ujwal-shrestha,Nepal,NPL,Kathmandu,85.3205817,27.708317,3,participant
1160,umutpajaro,Colombia,COL,Cartagena,-75.5443419,10.4266746,7,participant
1161,umutpajaro,Colombia,COL,Cartagena,-75.5443419,10.4266746,8,mentor
1162,unode,Germany,DEU,Heidelberg,8.694724,49.4093582,1,expert
1163,unode,Germany,DEU,Heidelberg,8.694724,49.4093582,1,mentor
1164,unode,Germany,DEU,Heidelberg,8.694724,49.4093582,1,participant
1165,unode,Germany,DEU,Heidelberg,8.694724,49.4093582,2,expert
1166,unode,Germany,DEU,Heidelberg,8.694724,49.4093582,2,mentor
1167,unode,Germany,DEU,Heidelberg,8.694724,49.4093582,2,speaker
1168,unode,Germany,DEU,Heidelberg,8.694724,49.4093582,3,expert
1169,unode,Germany,DEU,Heidelberg,8.694724,49.4093582,3,mentor
1170,unode,Germany,DEU,Heidelberg,8.694724,49.4093582,3,mentor
1171,unode,Germany,DEU,Heidelberg,8.694724,49.4093582,3,speaker
1172,unode,Germany,DEU,Heidelberg,8.694724,49.4093582,4,expert
1173,unode,Germany,DEU,Heidelberg,8.694724,49.4093582,4,mentor
1174,unode,Germany,DEU,Heidelberg,8.694724,49.4093582,5,mentor
1175,unode,Germany,DEU,Heidelberg,8.694724,49.4093582,5,speaker
1176,usmood,,,,,,6,participant
1177,valerie-parent,Canada,CAN,,,,2,participant
1178,varlottaang,Italy,ITA,Rionero In Vulture,15.6694407,40.9261881,7,participant
1179,vasiliki-kentrou,Netherlands,NLD,Amsterdam,4.8924534,52.3730796,8,participant
1180,vborghe,Canada,CAN,Montréal,-73.5698065,45.5031824,5,participant
1181,vcheplygina,Netherlands,NLD,,,,2,expert
1182,veroxgithub,Argentina,ARG,"Avellaneda, Pba.",-58.3628061,-34.6648394,5,participant
1183,veroxgithub,Argentina,ARG,"Avellaneda, Pba.",-58.3628061,-34.6648394,8,mentor
1184,vhellon,United Kingdom,GBR,London,-0.14405508452768728,51.4893335,5,participant
1185,vickygisel,Argentina,ARG,Oro Verde,-64.29891743033643,-31.132197599999998,5,participant
1186,vickynembaware,South Africa,ZAF,,,,1,expert
1187,vickynembaware,South Africa,ZAF,,,,1,mentor
1188,vickynembaware,South Africa,ZAF,,,,2,expert
1189,virginiagarciaalonso,Argentina,ARG,,,,8,participant
1190,wasifarahman,Bangladesh,BGD,,,,2,participant
1191,web-learning,South Africa,ZAF,Johannesburg,28.049722,-26.205,8,participant
1192,wendy-andrews,,,,,,8,participant
1193,wykhuh,United States,USA,Los Angeles,-118.242766,34.0536909,4,participant
1194,yanick-diapa-nana,Cameroon,CMR,Yaoundé,11.5213344,3.8689867,7,participant
1195,yhordijk,Netherlands,NLD,Amsterdam,4.8924534,52.3730796,8,participant
1196,ykho001,United Kingdom,GBR,,,,8,participant
1197,yochannah,United Kingdom,GBR,,,,1,organizer
1198,yochannah,United Kingdom,GBR,,,,1,mentor
1199,yochannah,United Kingdom,GBR,,,,1,speaker
1200,yochannah,United Kingdom,GBR,,,,1,speaker
1201,yochannah,United Kingdom,GBR,,,,1,speaker
1202,yochannah,United Kingdom,GBR,,,,2,expert
1203,yochannah,United Kingdom,GBR,,,,2,organizer
1204,yochannah,United Kingdom,GBR,,,,2,mentor
1205,yochannah,United Kingdom,GBR,,,,2,mentor
1206,yochannah,United Kingdom,GBR,,,,2,speaker
1207,yochannah,United Kingdom,GBR,,,,3,expert
1208,yochannah,United Kingdom,GBR,,,,3,organizer
1209,yochannah,United Kingdom,GBR,,,,3,mentor
1210,yochannah,United Kingdom,GBR,,,,3,mentor
1211,yochannah,United Kingdom,GBR,,,,3,mentor
1212,yochannah,United Kingdom,GBR,,,,3,speaker
1213,yochannah,United Kingdom,GBR,,,,3,speaker
1214,yochannah,United Kingdom,GBR,,,,4,organizer
1215,yochannah,United Kingdom,GBR,,,,4,mentor
1216,yochannah,United Kingdom,GBR,,,,4,speaker
1217,yochannah,United Kingdom,GBR,,,,4,speaker
1218,yochannah,United Kingdom,GBR,,,,5,organizer
1219,yochannah,United Kingdom,GBR,,,,5,mentor
1220,yochannah,United Kingdom,GBR,,,,5,mentor
1221,yochannah,United Kingdom,GBR,,,,5,speaker
1222,yochannah,United Kingdom,GBR,,,,5,speaker
1223,yochannah,United Kingdom,GBR,,,,5,speaker
1224,yochannah,United Kingdom,GBR,,,,6,organizer
1225,yochannah,United Kingdom,GBR,,,,6,mentor
1226,yochannah,United Kingdom,GBR,,,,6,speaker
1227,yochannah,United Kingdom,GBR,,,,6,speaker
1228,yochannah,United Kingdom,GBR,,,,6,speaker
1229,yochannah,United Kingdom,GBR,,,,6,speaker
1230,yochannah,United Kingdom,GBR,,,,6,speaker
1231,yochannah,United Kingdom,GBR,,,,7,organizer
1232,yochannah,United Kingdom,GBR,,,,7,mentor
1233,yochannah,United Kingdom,GBR,,,,7,mentor
1234,yochannah,United Kingdom,GBR,,,,7,speaker
1235,yochannah,United Kingdom,GBR,,,,7,speaker
1236,yochannah,United Kingdom,GBR,,,,8,organizer
1237,yochannah,United Kingdom,GBR,,,,8,speaker
1238,yochannah,United Kingdom,GBR,,,,8,speaker
1239,yochannah,United Kingdom,GBR,,,,8,speaker
1240,yochannah,United Kingdom,GBR,,,,8,speaker
1241,yvanlebras,France,FRA,Concarneau,-3.9223889,47.8757017,2,expert
1242,yvanlebras,France,FRA,Concarneau,-3.9223889,47.8757017,2,mentor
1243,yvanlebras,France,FRA,Concarneau,-3.9223889,47.8757017,2,mentor
1244,yvanlebras,France,FRA,Concarneau,-3.9223889,47.8757017,3,expert
1245,yvanlebras,France,FRA,Concarneau,-3.9223889,47.8757017,3,mentor
1246,yvanlebras,France,FRA,Concarneau,-3.9223889,47.8757017,4,mentor
1247,yvanlebras,France,FRA,Concarneau,-3.9223889,47.8757017,4,speaker
1248,zdunseth,United States,USA,Providence,-71.4128343,41.8239891,5,participant
1249,zebetus,United Kingdom,GBR,,,,1,mentor
1250,zebetus,United Kingdom,GBR,,,,2,expert
1251,zee-moz,,,,,,7,speaker
1252,zenita-milla-luthfiya,Indonesia,IDN,Solo,110.828448,-7.5692489,3,participant
1253,zulidyana-rusnalasari,Indonesia,IDN,,,,3,speaker
