,slides,speakers,title,recording,date,cohort,tag,subtag
0,https://docs.google.com/presentation/d/16M5R6YhvAeK0-old_hV9RjrshdA0sdJPgZBRO_MyRLA/edit?usp=sharing,['emmyft'],Welcome to OLS!,https://youtu.be/AMliNkrJIaQ?t=1110,"March 07, 2023",ols-7,Open Life Science,OLS Introduction
1,https://docs.google.com/presentation/d/1B-TiVAHx6OVririv88-H59_BlPwniS5xDnhZtoDU280/edit#slide=id.g6e457e6ac5_0_69,['yochannah'],Welcome to OLS!,https://youtu.be/XulHUHQru2I?t=1113,"March 15, 2023",ols-7,Open Life Science,OLS Introduction
2,https://docs.google.com/presentation/d/1B-TiVAHx6OVririv88-H59_BlPwniS5xDnhZtoDU280/edit#slide=id.g6e457e6ac5_0_69,['emmyft'],Welcome to OLS!,https://youtu.be/O3yk0yrOHGM?t=1234,"March 07, 2022",ols-5,Open Life Science,OLS Introduction
3,https://docs.google.com/presentation/d/1B-TiVAHx6OVririv88-H59_BlPwniS5xDnhZtoDU280/edit#slide=id.g6e457e6ac5_0_69,['yochannah'],Welcome to OLS!,https://youtu.be/CnTWxXVM0Qw?t=726,"March 16, 2022",ols-5,Open Life Science,OLS Introduction
4,https://docs.google.com/presentation/d/1w_WWb7Mj7NgX4pLBejB4Vc_ofK7ZHOUYOT1MCeKVi20/present?token=AC4w5VjvHWSZBrOwwb1EcSm8v45lUi3nqQ%3A1599724146314&includes_info_params=1&eisi=CLPd6-uM3usCFdIWswUdsiINRA#slide=id.g6e457e6ac5_0_69,['bebatut'],Welcome to OLS!,,"September 10, 2020",ols-2,Open Life Science,OLS Introduction
5,https://docs.google.com/presentation/d/1huJSmgaQMqB3go3XUcw_H61p6my0gkZE/edit#slide=id.p2,['yochannah'],Welcome to OLS!,https://youtu.be/bAS74USoPxk?t=878,"September 27, 2022",ols-6,Open Life Science,OLS Introduction
6,https://docs.google.com/presentation/d/1huJSmgaQMqB3go3XUcw_H61p6my0gkZE/edit#slide=id.p2,['yochannah'],Welcome to OLS!,https://youtu.be/Q1ae8ip4o54?t=1792,"October 05, 2022",ols-6,Open Life Science,OLS Introduction
7,https://docs.google.com/presentation/d/e/2PACX-1vT_e2ngwmyjwApVc1CC-dUpSHSArCPsZQjw4oo-0USZFn1lw4OtwPB6LsTSAStocYGIScfgrq5Esea7/pub?start=false&loop=false&delayms=3000,['malvikasharan'],Welcome to OLS!,https://youtu.be/lFaMk01Z_gY?t=1595,"February 17, 2021",ols-3,Open Life Science,OLS Introduction
8,https://docs.google.com/presentation/d/1B-TiVAHx6OVririv88-H59_BlPwniS5xDnhZtoDU280/edit#slide=id.g6e457e6ac5_0_69,['yochannah'],Welcome to OLS!,,"September 22, 2021",ols-4,Open Life Science,OLS Introduction
9,https://docs.google.com/presentation/d/1B-TiVAHx6OVririv88-H59_BlPwniS5xDnhZtoDU280/edit#slide=id.g6e457e6ac5_0_69,['malvikasharan'],Welcome to OLS!,,"September 29, 2021",ols-4,Open Life Science,OLS Introduction
10,https://docs.google.com/presentation/d/1gmVQqDxxbGMqBqVbRRoeBx2nDSMkfUU2g3wGw82-mqs/edit?usp=sharing,['bebatut'],Introducing Open Canvas,https://youtu.be/AMliNkrJIaQ?t=2325,"March 07, 2023",ols-7,Tooling for Project Design,Open Canvas
11,https://docs.google.com/presentation/d/1gmVQqDxxbGMqBqVbRRoeBx2nDSMkfUU2g3wGw82-mqs/edit?usp=sharing,['malvikasharan'],Introducing Open Canvas,https://youtu.be/XulHUHQru2I?t=2168,"March 15, 2023",ols-7,Tooling for Project Design,Open Canvas
12,https://docs.google.com/presentation/d/10CkS3j8LZBULwpy6zzwO2GBHbNBBStD6v4jceuP1TDg/edit?usp=sharing,['yochannah'],Introducing Open Canvas,https://youtu.be/O3yk0yrOHGM?t=2455,"March 07, 2022",ols-5,Tooling for Project Design,Open Canvas
13,https://docs.google.com/presentation/d/10CkS3j8LZBULwpy6zzwO2GBHbNBBStD6v4jceuP1TDg/edit?usp=sharing,['emmyft'],Introducing Open Canvas,https://youtu.be/CnTWxXVM0Qw?t=1398,"March 16, 2022",ols-5,Tooling for Project Design,Open Canvas
14,https://docs.google.com/presentation/d/14LsolqKJdd1T7XMV8PK6yQrjjrz9VPFHRDtjrL_55Js/edit?usp=sharing,['yochannah'],Introducing Open Canvas,https://youtu.be/5lkkHPm6aj8?t=982,"September 10, 2020",ols-2,Tooling for Project Design,Open Canvas
15,https://docs.google.com/presentation/d/18YFRfG6zmoOcpGFH_H2tl6HziY7dWQ0u/edit#slide=id.p19,['malvikasharan'],Introducing Open Canvas,https://youtu.be/bAS74USoPxk?t=1899,"September 27, 2022",ols-6,Tooling for Project Design,Open Canvas
16,https://docs.google.com/presentation/d/18YFRfG6zmoOcpGFH_H2tl6HziY7dWQ0u/edit#slide=id.p19,['yochannah'],Introducing Open Canvas,https://youtu.be/Q1ae8ip4o54?t=2458,"October 05, 2022",ols-6,Tooling for Project Design,Open Canvas
17,https://docs.google.com/presentation/d/e/2PACX-1vR8j2NXWFyWKldK2OoTseN1t5YhLgeCG2OWNIjER5PKfnfGSdYQSjo8LeUCoYFyc3nZedBaNxc-aneH/pub?start=false&loop=false&delayms=3000,['yochannah'],Introducing Open Canvas,https://youtu.be/lFaMk01Z_gY?t=2311,"February 17, 2021",ols-3,Tooling for Project Design,Open Canvas
18,https://docs.google.com/presentation/d/10CkS3j8LZBULwpy6zzwO2GBHbNBBStD6v4jceuP1TDg/edit?usp=sharing,['bebatut'],Introducing Open Canvas,https://youtu.be/NsVX4a3ZOF8?t=1866,"September 22, 2021",ols-4,Tooling for Project Design,Open Canvas
19,https://docs.google.com/presentation/d/10CkS3j8LZBULwpy6zzwO2GBHbNBBStD6v4jceuP1TDg/edit?usp=sharing,['emmyft'],Introducing Open Canvas,https://youtu.be/gcDNb_-JbDI?t=1968,"September 29, 2021",ols-4,Tooling for Project Design,Open Canvas
20,https://docs.google.com/presentation/d/14LsolqKJdd1T7XMV8PK6yQrjjrz9VPFHRDtjrL_55Js/edit?usp=sharing,['yochannah'],Introducing Open Canvas,https://youtu.be/3-cvl7UfSTY?t=1751,"January 29, 2020",ols-1,Tooling for Project Design,Open Canvas
21,https://docs.google.com/presentation/d/1xpVo-66m0mWs8_ZFGuHQwPBTT-vkfBRXwr6WJEb5QRw/edit?usp=sharing,['bebatut'],Introducing Road Mapping,https://youtu.be/AMliNkrJIaQ?t=3166,"March 07, 2023",ols-7,Tooling for Project Design,Project Roadmapping
22,https://docs.google.com/presentation/d/1ncWeisU45m5INf-xNBMHtM-GGPvZ6v0mPlrwOh6FY_I/edit?usp=sharing,['pazbc'],Introducing Road Mapping,https://youtu.be/XulHUHQru2I?t=2887,"March 15, 2023",ols-7,Tooling for Project Design,Project Roadmapping
23,https://docs.google.com/presentation/d/1ncWeisU45m5INf-xNBMHtM-GGPvZ6v0mPlrwOh6FY_I/edit?usp=sharing,['emmyft'],Introducing Road Mapping,https://youtu.be/O3yk0yrOHGM?t=3053,"March 07, 2022",ols-5,Tooling for Project Design,Project Roadmapping
24,https://docs.google.com/presentation/d/1ncWeisU45m5INf-xNBMHtM-GGPvZ6v0mPlrwOh6FY_I/edit?usp=sharing,['malvikasharan'],Introducing Road Mapping,https://youtu.be/CnTWxXVM0Qw?t=2821,"March 16, 2022",ols-5,Tooling for Project Design,Project Roadmapping
25,https://docs.google.com/presentation/d/1IqvBjHlqXk8tkKj7nbp5pneQq19z6yuUq9Bkp3eTYPE/edit?usp=sharing,,Road Mapping,,"September 10, 2020",ols-2,Tooling for Project Design,Project Roadmapping
26,https://docs.google.com/presentation/d/1ZwsxOkiik6QnJtwt5BU42_Uu9u1TbnJC/edit#slide=id.p1,['emmyft'],Introducing Road Mapping,https://youtu.be/bAS74USoPxk?t=2845,"September 27, 2022",ols-6,Tooling for Project Design,Project Roadmapping
27,https://docs.google.com/presentation/d/1ZwsxOkiik6QnJtwt5BU42_Uu9u1TbnJC/edit#slide=id.p1,['yochannah'],Introducing Road Mapping,https://youtu.be/Q1ae8ip4o54?t=3061,"October 05, 2022",ols-6,Tooling for Project Design,Project Roadmapping
28,https://docs.google.com/presentation/d/e/2PACX-1vRwCxOy-Xl240eB2j0xwuyA-1wPhQMiJV1nfQsbtsiGSUxPiuJZotZb91o23dtRS_RbYeyFHlq_z8XN/pub?start=false&loop=false&delayms=3000,['emmyft'],Road Mapping,https://youtu.be/lFaMk01Z_gY?t=3055,"February 17, 2021",ols-3,Tooling for Project Design,Project Roadmapping
29,https://docs.google.com/presentation/d/1ncWeisU45m5INf-xNBMHtM-GGPvZ6v0mPlrwOh6FY_I/edit?usp=sharing,['emmyft'],Introducing Road Mapping,https://youtu.be/NsVX4a3ZOF8?t=2642,"September 22, 2021",ols-4,Tooling for Project Design,Project Roadmapping
30,https://docs.google.com/presentation/d/1ncWeisU45m5INf-xNBMHtM-GGPvZ6v0mPlrwOh6FY_I/edit?usp=sharing,['yochannah'],Introducing Road Mapping,https://youtu.be/gcDNb_-JbDI?t=3069,"September 29, 2021",ols-4,Tooling for Project Design,Project Roadmapping
31,https://docs.google.com/presentation/d/1IqvBjHlqXk8tkKj7nbp5pneQq19z6yuUq9Bkp3eTYPE/edit?usp=sharing,['bebatut'],Road Mapping,https://youtu.be/3-cvl7UfSTY?t=2427,"January 29, 2020",ols-1,Tooling for Project Design,Project Roadmapping
32,,,Project Structure,,"March 22, 2023",ols-7,Tooling for Collaboration,Setting up a project
33,,,Project Structure,,"March 23, 2022",ols-5,Tooling for Collaboration,Setting up a project
34,https://docs.google.com/presentation/d/1V2-6PbJiPOYGBGsHJbKj9Y49iPHsHnAIKnhCuV40U3I/edit#slide=id.g2224fafcba8_0_37,['ekariuki-sleepy'],README & Contributing for Open Projects,https://youtu.be/DG3La_p22N0?t=1080,"March 22, 2023",ols-7,Tooling for Collaboration,README
35,https://docs.google.com/presentation/d/1CYTTEzAzSLUOR6-dwBfhZc5a753OJ2wfu2EXJvXBPkY/edit?usp=sharing,['ha0ye'],README,https://youtu.be/d0A2TaLyhlY?t=714,"March 23, 2022",ols-5,Tooling for Collaboration,README
36,https://docs.google.com/presentation/d/12nifeGLgbZWeq7D1EMjLZIvMieM4pEa522sQLQNnT2g/edit?usp=sharing,['mkuzak'],READMEs for Open Projects,https://youtu.be/aX40ntw0uIg?t=2939,"September 24, 2020",ols-2,Tooling for Collaboration,README
37,https://docs.google.com/presentation/d/1Sh_9lEJ50HtWecB_Zaews-3Shah4TFld/edit?usp=drive_web&ouid=113583685317579296794&rtpof=true,['mxrtinez'],README,https://youtu.be/M0szFcbGdBU?t=1711,"October 12, 2022",ols-6,Tooling for Collaboration,README
38,https://docs.google.com/presentation/d/1APGIvU1aZ_zNkLmC5SYlLXBh6LZK_Qe97-3C_3oXcFI/edit?usp=sharing” with “https://docs.google.com/presentation/d/1K-to88_TV4UI7-ek2ph5PIsqEZcYEprT1KkEXysCWiA/edit?usp=sharing,['c-martinez'],README,https://youtu.be/Enn2NGMGC2k?t=2138,"March 03, 2021",ols-3,Tooling for Collaboration,README
39,https://docs.google.com/presentation/d/1CYTTEzAzSLUOR6-dwBfhZc5a753OJ2wfu2EXJvXBPkY/edit?usp=sharing,['alexwlchan'],README,https://youtu.be/kAxVZDI18RU?t=2270,"October 06, 2021",ols-4,Tooling for Collaboration,README
40,https://docs.google.com/presentation/d/1APGIvU1aZ_zNkLmC5SYlLXBh6LZK_Qe97-3C_3oXcFI/edit?usp=sharing,['mkuzak'],READMEs for Open Projects,https://youtu.be/y9y8a3O4fjg?t=1831,"February 12, 2020",ols-1,Tooling for Collaboration,README
41,https://docs.google.com/presentation/d/1-Ns22S18_eP6VvEwMx6Mxo5cukFYVSG8W6kaZctyWpc/edit?usp=sharing,['ha0ye'],Open Licensing,https://youtu.be/DG3La_p22N0?t=2065,"March 22, 2023",ols-7,Tooling for Collaboration,Open Licensing
42,https://docs.google.com/presentation/d/1JX7IBxHBlMBd5xf3Qxu-ZbInqgIXA-Y0eulHJiv5dA0/edit?usp=sharing,['rgaiacs'],Open Licensing,https://youtu.be/d0A2TaLyhlY?t=1604,"March 23, 2022",ols-5,Tooling for Collaboration,Open Licensing
43,https://docs.google.com/presentation/d/1qep_rtGuiD7MXOul1KJrgjNYjYw_4WOvdpUO1tTUj1w/edit?usp=sharing,['christinerogers'],A Primer on Open Licenses,https://youtu.be/aX40ntw0uIg?t=1946,"September 24, 2020",ols-2,Tooling for Collaboration,Open Licensing
44,https://docs.google.com/presentation/d/1YGZVJhEuvuv1YKEVH_DW8aCVnwqCoBRC/edit#slide=id.p1,['contraexemplo'],Open Licensing,https://youtu.be/M0szFcbGdBU?t=856,"October 12, 2022",ols-6,Tooling for Collaboration,Open Licensing
45,https://docs.google.com/presentation/d/1-Ns22S18_eP6VvEwMx6Mxo5cukFYVSG8W6kaZctyWpc/edit?usp=sharing,['ha0ye'],A Primer on Open Licenses,https://youtu.be/Enn2NGMGC2k?t=1176,"March 03, 2021",ols-3,Tooling for Collaboration,Open Licensing
46,https://docs.google.com/presentation/d/1JX7IBxHBlMBd5xf3Qxu-ZbInqgIXA-Y0eulHJiv5dA0/edit?usp=sharing,['kaythaney'],Open Licensing,https://youtu.be/kAxVZDI18RU?t=973,"October 06, 2021",ols-4,Tooling for Collaboration,Open Licensing
47,https://docs.google.com/presentation/d/1ymSOc9vPnFJpU0FwFBqw25qhSmJVAv5scpi-N9KVopc/edit?usp=sharing,['joshsimmons'],A Primer on Open Licenses,https://youtu.be/y9y8a3O4fjg?t=383,"February 12, 2020",ols-1,Tooling for Collaboration,Open Licensing
48,https://docs.google.com/presentation/d/1-Ns22S18_eP6VvEwMx6Mxo5cukFYVSG8W6kaZctyWpc/edit?usp=sharing,['andreasancheztapia'],Code of Conduct,https://youtu.be/DG3La_p22N0?t=3131,"March 22, 2023",ols-7,Tooling for Collaboration,Code of Conduct
49,https://docs.google.com/presentation/d/1ko91U3CXbuFd3hiXRtrLxVtNcoMQgzvhAVeKId0dFZc/edit?usp=sharing,['dsarahstamps'],Contributing Guidelines and Code of Conduct,https://youtu.be/d0A2TaLyhlY?t=2455,"March 23, 2022",ols-5,Tooling for Collaboration,Code of Conduct
50,https://docs.google.com/presentation/d/196NOwvIx2A_cSOKE7YEyDvww7lehxBmef9O4B_FLodc/edit?usp=sharing,['lwinfree'],Contributing Guidelines and Codes of Conduct for Open Projects,https://youtu.be/aX40ntw0uIg?t=3747,"September 24, 2020",ols-2,Tooling for Collaboration,Code of Conduct
51,https://docs.google.com/presentation/d/1hN_aYQT_uL3CczvB-62MSlhPa8Opnukh/edit#slide=id.p2,['sayalaruano'],Contributing Guidelines and Code of Conduct,https://youtu.be/M0szFcbGdBU?t=2571,"October 12, 2022",ols-6,Tooling for Collaboration,Code of Conduct
52,https://docs.google.com/presentation/d/e/2PACX-1vSohISYePu3i64JyoI3Lc_GRBTNuWT9x98uFd2HVI0zGQSODiNv03ZSGTcPZcm_cz38K-vhtRRzdhfI/pub?start=false&loop=false&delayms=3000,['malvikasharan'],Contributing Guidelines and Code of Conduct,https://youtu.be/Enn2NGMGC2k?t=3066,"March 03, 2021",ols-3,Tooling for Collaboration,Code of Conduct
53,https://docs.google.com/presentation/d/1ko91U3CXbuFd3hiXRtrLxVtNcoMQgzvhAVeKId0dFZc/edit?usp=sharing,['ekaroune'],Contributing Guidelines and Code of Conduct,https://youtu.be/kAxVZDI18RU?t=3329,"October 06, 2021",ols-4,Tooling for Collaboration,Code of Conduct
54,https://docs.google.com/presentation/d/1aLaDBwH64PCRtCLIftVkjBYT60ifWuIV7Im2t8BXN8Q/edit?usp=sharing,['karinlag'],Contributing Guidelines and Codes of Conduct for Open Projects,https://youtu.be/y9y8a3O4fjg?t=2605,"February 12, 2020",ols-1,Tooling for Collaboration,Code of Conduct
55,https://docs.google.com/presentation/d/1qymN0F-kToQfFIPjXOrXe7lHPy_UB0Buew2kAI1WfWg/edit#slide=id.g6e56d02ad9_0_0,,Introduction to GitHub,https://youtu.be/hXRw33CbDJk,"March 28, 2023",ols-7,Tooling for Collaboration,GitHub Introduction
56,https://docs.google.com/presentation/d/1qymN0F-kToQfFIPjXOrXe7lHPy_UB0Buew2kAI1WfWg/edit?usp=sharing,['malvikasharan'],Introduction to GitHub,https://youtu.be/90BOler9hqI,"March 28, 2022",ols-5,Tooling for Collaboration,GitHub Introduction
57,https://docs.google.com/presentation/d/1a14DBUdW2LOAtlNv181gZ_KTc_W_xAqy/edit#slide=id.p1,['pherterich'],Introduction to GitHub,https://youtu.be/7Oq81K27NmU?t=46,"October 18, 2022",ols-6,Tooling for Collaboration,GitHub Introduction
58,https://docs.google.com/presentation/d/1qymN0F-kToQfFIPjXOrXe7lHPy_UB0Buew2kAI1WfWg/edit?usp=sharing,['malvikasharan'],Introduction to GitHub,https://youtu.be/lRW8mlpTw5M,"October 13, 2021",ols-4,Tooling for Collaboration,GitHub Introduction
59,https://docs.google.com/presentation/d/1snmV5BMFIuTAs60-PcejRj0NUhpvswvb/edit?usp=sharing&ouid=113583685317579296794&rtpof=true&sd=true,['laitanawe'],Writing reproducible code,https://youtu.be/hOiDzn4Iqp4?t=332,"May 10, 2023",ols-7,Tooling for Collaboration,Code Review
60,,['graciellehigino'],Code-review,https://youtu.be/n3JkOyt6bRM?t=1911,"November 30, 2022",ols-6,Tooling for Collaboration,Code Review
61,https://olscoding.netlify.app/,['yabellini'],Programming for science,https://youtu.be/hOiDzn4Iqp4?t=2920,"May 10, 2023",ols-7,Tooling for Collaboration,Good Coding Practices
62,https://drive.google.com/file/d/1w8AUnsbwSpqfEK0YxKmSZGIeIlEbppSN/view?usp=share_link,['gemmaturon'],"Code style, testing",https://youtu.be/n3JkOyt6bRM?t=271,"November 30, 2022",ols-6,Tooling for Collaboration,Good Coding Practices
63,https://docs.google.com/presentation/d/1p_r-mgcOWJD34Tc4V_dgkksmoPjUsILHecSdQuxwyQE/edit?usp=sharing,['jywarren'],Hardware and inclusive structures for collaborative work,https://youtu.be/6ZlrGVxjd5Q?t=3117,"November 09, 2022",ols-6,Tooling for Collaboration,Project Design for Collaboration
64,https://docs.google.com/presentation/d/1s0uV2klFu8RyTCfpWIqL0lUjYlk6u_vx92v48nk-TU8/edit#slide=id.g6e991a6896_0_209,['bebatut'],Welcoming new contributions to your project,https://youtu.be/GdZ3kfKP43A?t=3927,"May 12, 2021",ols-3,Tooling for Collaboration,Project Design for Collaboration
65,https://docs.google.com/presentation/d/1eKRgozsGmJvjPELyP4KMgrgHchp7o58YowC5RkgLNd4/edit?usp=sharing,['yochannah'],Open Science,https://youtu.be/ViqeEI3J9dY?t=262,"April 04, 2023",ols-7,Open Science,Open Science Introduction
66,https://docs.google.com/presentation/d/1w_WWb7Mj7NgX4pLBejB4Vc_ofK7ZHOUYOT1MCeKVi20/edit?usp=sharing,['malvikasharan'],Welcome to OLS!,https://youtu.be/3-cvl7UfSTY?t=278,"January 29, 2020",ols-1,Open Science,Open Science Introduction
67,https://drive.google.com/file/d/1BQ641IWIKjgC33ltqdAkEaxUkGljh3eL/view?usp=share_link,['olexandr-konovalov'],Open Evaluation in JOSS - Journal of Open Source Software,https://youtu.be/ViqeEI3J9dY?t=962,"April 04, 2023",ols-7,Open Science,Open Evaluation
68,https://docs.google.com/presentation/d/1_8Fp5DKh_XXwj34DwR-dzTvUCk1c0ynhy7MvmaHFFoA/edit?usp=sharing,['ganleyemma'],Open Protocols,https://youtu.be/0BkHqudkjWg?t=3557,"October 22, 2020",ols-2,Open Science,Open Evaluation
69,https://docs.google.com/presentation/d/1lrodEXOSuh_01-EuLOi5hyZmDJ7xJBQaQ4iF3Ylvlyo/edit?usp=sharing,['lenny-teytelman'],Open Protocols,https://youtu.be/Vizk7fni5Eo?t=2287,"March 31, 2021",ols-3,Open Science,Open Evaluation
70,https://docs.google.com/presentation/d/13d3BgND53cviFRnuQpmWk5UtMYtpSDqpUu9jq4ykNrM/edit?usp=sharing,['anita-broellochs'],Open Protocols,https://youtu.be/HaQyv48sMPY?t=3708,"March 11, 2020",ols-1,Open Science,Open Evaluation
71,https://docs.google.com/presentation/d/1c5r83gUCdg_2_sS5LAB-7NLQccYfeN6OmkUSj_WFwGs/edit?usp=sharing,['ahoyi'],Nigerian Open Science Highlights,https://youtu.be/ViqeEI3J9dY?t=1753,"April 04, 2023",ols-7,Open Science,Open Science Infrastructures
72,https://docs.google.com/presentation/d/18r-Zpec769BwP4TUAfG_ChGsOrdnU7Ber9ofjbLdwS8/edit?usp=sharing,['joy-owango'],Open training in low and middle income settings ,https://youtu.be/TqzM6cAeBoI?t=2309,"May 02, 2022",ols-5,Open Science,Open Science Infrastructures
73,,['phaarouknucleus'],Open engagement of social actors,https://youtu.be/ViqeEI3J9dY?t=3046,"April 04, 2023",ols-7,Open Science,Open Engagement of Social Actors
74,,['gilbert-beyamba'],"Public engagement: Open Infrastructure, Citizen Science, Science Communication",https://youtu.be/rUusShaYC4o?t=466,"May 30, 2022",ols-5,Open Science,Open Engagement of Social Actors
75,https://www.canva.com/design/DAFR7veE-rw/C_LmTG_0lzCxAYcSM-QZhQ/view?utm_content=DAFR7veE-rw&utm_campaign=designshare&utm_medium=link2&utm_source=sharebutton,['marcoanteghini'],"Public engagement: Open Infrastructure, Citizen Science, Science Communication",https://youtu.be/I1Jks2PE0ME?t=2115,"December 20, 2022",ols-6,Open Science,Open Engagement of Social Actors
76,https://zenodo.org/record/4651431,['georgiahca'],Participatory Citizen Science,https://youtu.be/Vizk7fni5Eo?t=3792,"March 31, 2021",ols-3,Open Science,Open Engagement of Social Actors
77,,['yvanlebras'],"Open / citizen sience, the only way to ",https://youtu.be/DbqsS1-ueqI?t=1705,"December 15, 2021",ols-4,Open Science,Open Engagement of Social Actors
78,https://www.slideshare.net/gedankenstuecke/2020-0311openlifesciences,['gedankenstuecke'],Citizen science using your own personal data,https://youtu.be/HaQyv48sMPY?t=891,"March 11, 2020",ols-1,Open Science,Open Engagement of Social Actors
79,https://docs.google.com/presentation/d/1ecLEm7aNPeswOCnpiQQE8rnSyl6Equce_6YAJrR2_oc/edit?usp=sharing,['amchagas'],Open Source Hardware,https://youtu.be/iAckka2c6yc?t=147,"May 02, 2023",ols-7,Open Science,Open Hardware
80,,['thessaly'],"Open tools, for opening science",https://www.youtube.com/watch?v=BtUNjoTr5eg,"October 08, 2020",ols-2,Open Science,Open Hardware
81,https://docs.google.com/presentation/d/1SJJjYujbAjRUgrjbT7ZSofqp4tgZ5eNf5wPMqHRfmn4/edit#slide=id.g175a0ec481e_1_88,['pazbc'],Open science hardware,https://youtu.be/AggJQTgsaaU?t=3678,"October 25, 2022",ols-6,Open Science,Open Hardware
82,https://docs.google.com/presentation/d/1p9y7hBmz-ky38JsosaSYi2LmB1fPD0IyIB_BnLAidmo/edit?usp=sharing,['amchagas'],Open Source/Science Hardware,https://youtu.be/XkzCr3fiSCg?t=3593,"March 17, 2021",ols-3,Open Science,Open Hardware
83,https://docs.google.com/presentation/d/1JJWt0OtVWTMHbouXOF0w1QJsxwv-rUXiqHmkEx-A5B8/edit?usp=sharing,['thessaly'],Open Science Hardware,https://youtu.be/hiLDGLfXa2s?t=1141,"February 26, 2020",ols-1,Open Science,Open Hardware
84,https://docs.google.com/presentation/d/1HRxtMemWWYrBniYkW60twA3Fd0AuEDdNryGREagDypk/edit#slide=id.g21f04b7f88a_0_77,['mdbarker'],Open Source Software,https://youtu.be/iAckka2c6yc?t=884,"May 02, 2023",ols-7,Open Science,Open Source Software
85,https://docs.google.com/presentation/d/1V0ns7MiBRlKWgJHq15Xy-q0HZOeJYdkKs0PMAMoKXn8/edit?usp=sharing,['lwasser'],"Open Source Drives Open Science - 
pyOpenSci",https://youtu.be/hOiDzn4Iqp4?t=1594,"May 10, 2023",ols-7,Open Science,Open Source Software
86,https://tinyurl.com/59754uzx,['ajstewartlang'],Open Source Software in Research,https://youtu.be/yCCNZH9JS-0?t=1387,"April 04, 2022",ols-5,Open Science,Open Source Software
87,,['sdruskat'],Steps towards FAIRer and more citable software,https://youtu.be/rUusShaYC4o?t=2438,"May 30, 2022",ols-5,Open Science,Open Source Software
88,https://docs.google.com/presentation/d/1uZuqgoJp67uRB6t0LCZJ06V8YYyff9-iqrv6zfqtOhk,['anenadic'],Open Source Software,https://youtu.be/fyz4gB4XPJk?t=1266,"October 08, 2020",ols-2,Open Science,Open Source Software
89,https://drive.google.com/file/d/1LtG_gVhszVl13yohYuxTipaKnxV77cqP/view?usp=sharing,['fpsom'],FAIR Research Software,https://youtu.be/ylqDx_ELfus?t=2848,"November 05, 2020",ols-2,Open Science,Open Source Software
90,https://2022-10-25-lpc-oss.netlify.app/#8,['luispedro'],Open Science Software,https://youtu.be/AggJQTgsaaU?t=1288,"October 25, 2022",ols-6,Open Science,Open Source Software
91,https://docs.google.com/presentation/d/12hqzyIdYqSKnFokcTT2i8QhO74vcx7OkluUdiRd_ah8/edit?usp=share_link,['ha0ye'],Open Source Software ,https://youtu.be/n3JkOyt6bRM?t=2996,"November 30, 2022",ols-6,Open Science,Open Source Software
92,https://docs.google.com/presentation/d/19fZRMPzK2OrynrOdVzkq703j2fz6knAiFjn2JEPfmIQ/edit?usp=sharing,['hexylena'],Open Source in Research,https://youtu.be/XkzCr3fiSCg?t=1190,"March 17, 2021",ols-3,Open Science,Open Source Software
93,https://doi.org/10.6084/m9.figshare.14410751.v1,['npch'],Good enough practices for FAIR software,https://youtu.be/j-rPaiojNFk?t=2915,"April 14, 2021",ols-3,Open Science,Open Source Software
94,https://docs.google.com/presentation/d/1cfeNl3URWS-IOrG-gwfEzIsg1VN9JQepQhcP54xvAkY/edit?usp=sharing,['samvanstroud'],Open Source in Research,https://youtu.be/kjhrrfF2fvM?t=4383,"October 20, 2021",ols-4,Open Science,Open Source Software
95,https://github.com/Nikoleta-v3/talks/blob/master/talks/2021-11-17-Open-Life-Science/main.pdf,['nikoleta-v3'],Publishing & Citing Open Research Code,https://youtu.be/SfGHnCedkwY?t=3485,"November 17, 2021",ols-4,Open Science,Open Source Software
96,https://doi.org/10.5281/zenodo.5783459,['sdruskat'],Software citation with the Citation File Format,https://youtu.be/DbqsS1-ueqI?t=2997,"December 15, 2021",ols-4,Open Science,Open Source Software
97,https://ajstewartlang.github.io/talks/OLS_talk/assets/player/KeynoteDHTMLPlayer.html,['ajstewartlang'],Open Software in Research,https://youtu.be/hiLDGLfXa2s?t=2239,"February 26, 2020",ols-1,Open Science,Open Source Software
98,https://docs.google.com/presentation/d/1i9ZS2bw_zefmjYBVTZSieyp4xI_T9PrH-pIiPeP3wY0/edit#slide=id.g21280744133_2_33 ,['batoolmm'],Openness to diversity of knowledge,https://youtu.be/iAckka2c6yc?t=2577,"May 02, 2023",ols-7,Open Science,Openness to Diversity of Knowledge
99,,['gedankenstuecke'],Citizen Science,https://youtu.be/HaQyv48sMPY?t=860,"October 22, 2020",ols-2,Open Science,Openness to Diversity of Knowledge
100,https://doi.org/10.5281/zenodo.7938759,['estherplomp'],Open Data,https://youtu.be/CzkkO4wO2eQ?t=145,"May 17, 2023",ols-7,Open Science,Open Data
101,https://docs.google.com/presentation/d/e/2PACX-1vQ__5JVOhFNoKufqIPflvEfUE1Vuxi9Euj975yCI14nJfeeyansg1RpuIteyTtmlQCyfacWTwB_QZ3N/pub?start=false&loop=false&delayms=3000#slide=id.p,['unode'],Open Data,https://youtu.be/yCCNZH9JS-0?t=199,"April 04, 2022",ols-5,Open Science,Open Data
102,https://docs.google.com/presentation/d/1UhSKnz0deqsgzEHYdJGfFlOEN64_BIZ2GRjY6fKk44Y/edit?usp=sharing,['lwinfree'],Agile & Iterative Project Management Methods,https://youtu.be/yCCNZH9JS-0?t=2381,"April 04, 2022",ols-5,Open Science,Open Data
103,https://doi.org/10.6084/m9.figshare.13065308.v1,['orchid00'],Open Data,https://youtu.be/fyz4gB4XPJk?t=2304,"October 08, 2020",ols-2,Open Science,Open Data
104,https://docs.google.com/presentation/d/1ER_ZQ_Fe_PFWBPrP87dU6jRaPT2dlB4hCu-wGXJwnBA/edit?usp=sharing,['proccaserra'],FAIR Data: Insights and perspectives,https://youtu.be/ylqDx_ELfus?t=268,"November 05, 2020",ols-2,Open Science,Open Data
105,https://docs.google.com/presentation/d/147I53rNPEMHqixXPDc6vt0Eg9O9mIPBQ/edit?usp=drive_web&ouid=113583685317579296794&rtpof=true,['sapetti9'],Managing & developing research data (RDM),https://youtu.be/AggJQTgsaaU?t=346,"October 25, 2022",ols-6,Open Science,Open Data
106,https://docs.google.com/presentation/d/1lwPYHKFaH221S-Y8T8tk1phJpk7fsPA64kn3TfaGWHQ/edit#slide=id.g7e28a7e96f_0_0,['dasaptaerwin'],"Earthquakes, preprints and everything in between",https://youtu.be/HKsK9CCcQYU?t=2195,"November 22, 2022",ols-6,Open Science,Open Data
107,https://osf.io/w3v7j,['bethaniley'],Applying FAIR principles to (open) data management,https://youtu.be/I1Jks2PE0ME?t=581,"December 20, 2022",ols-6,Open Science,Open Data
108,https://doi.org/10.5281/zenodo.4609017,['estherplomp'],Open Data,https://youtu.be/XkzCr3fiSCg?t=2182,"March 17, 2021",ols-3,Open Science,Open Data
109,https://docs.google.com/presentation/d/1p-hNZTifBNHo_gbFPQlUW6YmLKIGH1jWJnWXIGoWQYs/edit#slide=id.p,['emma-anne-harris'],FAIR data,https://youtu.be/j-rPaiojNFk?t=206,"April 14, 2021",ols-3,Open Science,Open Data
110,https://doi.org/10.5281/zenodo.5582718,['selgebali'],Research data management,https://youtu.be/kjhrrfF2fvM?t=261,"October 20, 2021",ols-4,Open Science,Open Data
111,https://docs.google.com/presentation/d/19jspjhFN2kb9H3S-4UEBb5q9aZt22eUdDdxfWWbb6CI/edit?usp=sharing,['pherterich'],The future of Open Science? DMPs and FAIR data,https://youtu.be/DbqsS1-ueqI?t=204,"December 15, 2021",ols-4,Open Science,Open Data
112,https://docs.google.com/presentation/d/e/2PACX-1vTm51ExlLfv1L_oI59D_9EZlBWf1UbSXmHVAIutII9Cs8AnGqLkH9meXGiwBajn-r_u297hdV7MdWCL/pub?start=false&loop=false&delayms=3000,['lwinfree'],Open Data,https://youtu.be/hiLDGLfXa2s?t=3848,"February 26, 2020",ols-1,Open Science,Open Data
113,https://doi.org/10.5281/zenodo.7946506,['godwyns-onwuchekwa'],Brief overview of Open access publication,https://youtu.be/CzkkO4wO2eQ?t=1341,"May 17, 2023",ols-7,Open Science,Open Access Publication
114,,['alex-mendonça'],Preprints,https://youtu.be/TqzM6cAeBoI?t=209,"May 02, 2022",ols-5,Open Science,Open Access Publication
115,https://bit.ly/OLS-AfricArXiv,['babasaraki'],Preprint in the Context of Open Science,https://youtu.be/0BkHqudkjWg?t=2064,"October 22, 2020",ols-2,Open Science,Open Access Publication
116,https://docs.google.com/presentation/d/14wVZJauH4wT4GBJwz4gCA2AeV6kTPTRZRW1ZMhnJ2Yk/edit,['malloryfreeberg'],"FAIR Principles
Promoting openness in science",https://youtu.be/HKsK9CCcQYU?t=198,"November 22, 2022",ols-6,Open Science,Open Access Publication
117,https://docs.google.com/presentation/d/18g_OfcwiUmX-vZnshM0mfs8xutOkeF3iA-RSaTpJs0Y/edit#slide=id.g7e28a7e96f_0_0,['iratxepuebla'],Let's talk #preprint,https://youtu.be/Vizk7fni5Eo?t=710,"March 31, 2021",ols-3,Open Science,Open Access Publication
118,https://docs.google.com/presentation/d/1ThmPqDzvdNvThXK0Q0hlCiRX6rG3Ha5IDbvfyy4YuPw/edit#slide=id.g7e28a7e96f_0_146,['marcel-laflamme'],Getting started with preprints,https://youtu.be/SfGHnCedkwY?t=1862,"November 17, 2021",ols-4,Open Science,Open Access Publication
119,https://f1000-my.sharepoint.com/:p:/g/personal/demitra_ellina_f1000_online/Ed5_RBaVrrlGmZzicLlHESsBzCy2eW52SzoNTE3VBkzEDQ?e=tLWn2E,['demellina'],Pre-print and open review,https://youtu.be/HaQyv48sMPY?t=2895,"March 11, 2020",ols-1,Open Science,Open Access Publication
120,https://docs.google.com/presentation/d/18g_OfcwiUmX-vZnshM0mfs8xutOkeF3iA-RSaTpJs0Y/edit#slide=id.g7e28a7e96f_0_0,['pivg'],"Open access, Preprints",https://youtu.be/TqzM6cAeBoI?t=3508,"May 02, 2022",ols-5,Open Science,Open Educational Resources
121,,['lauracion'],Open Education and Training - MetaDocencia Case Study,https://youtu.be/0BkHqudkjWg?t=929,"October 22, 2020",ols-2,Open Science,Open Educational Resources
122,https://f1000research.com/slides/9-1294,['burkemlou'],Making training materials FAIR in 10 steps,https://youtu.be/ylqDx_ELfus?t=1108,"November 05, 2020",ols-2,Open Science,Open Educational Resources
123,https://docs.google.com/presentation/d/1MPxp0Y3qN6H35QNMrtcXOXkRhtx6Tbo89-GiBsrBkaA/edit#slide=id.g7e28a7e96f_0_60,['alexholinski'],FAIR training,https://youtu.be/j-rPaiojNFk?t=1380,"April 14, 2021",ols-3,Open Science,Open Educational Resources
124,https://docs.google.com/presentation/d/1AaZETO7piGCfhJP9_UoQGFOWKD5LA5Pg7X0r7rlfkts/edit?usp=sharing,['bebatut'],"Usable, comprehensive, accessible, FAIR and empowering training - The case of the Galaxy Training Network",https://youtu.be/SfGHnCedkwY?t=205,"November 17, 2021",ols-4,Open Science,Open Educational Resources
125,https://docs.google.com/presentation/d/1T3Z51l8XIRtUQtSooZvUZzH60rFS-n73bDQwGwH639Y/edit?usp=sharing,['kipkurui'],Open Education and Training,https://youtu.be/HaQyv48sMPY?t=1879,"March 11, 2020",ols-1,Open Science,Open Educational Resources
126,https://docs.google.com/presentation/d/1LBD99tpqT2GURtx6D4J8fl-Evjl9zxG43sj8GQlWGWc/edit#slide=id.p,['zee-moz'],The Mountain of Engagement,https://youtu.be/ycMEiZXmHp8?t=247,"April 19, 2023",ols-7,"Project, Community & Personal Management",Mountain of Engagement
127,https://docs.google.com/presentation/d/1n_UBrrMoHcfdqtFIg0sDcA0H3yojsHMwbW8P38_W9-s/edit?usp=sharing,['chadsansing'],Mountain of Engagement,https://youtu.be/X7RbljtdgAQ?t=146,"April 20, 2022",ols-5,"Project, Community & Personal Management",Mountain of Engagement
128,https://docs.google.com/presentation/d/1NldyVwPU-_3lLCd8sZqWNeD3kKmF9VspTDzs58iKCk0/edit?usp=sharing,['trallard'],Community interactions and mountain of engagements,https://youtu.be/Tl8MOTVznXs?t=2322,"December 03, 2020",ols-2,"Project, Community & Personal Management",Mountain of Engagement
129,https://docs.google.com/presentation/d/1ZmgEnKaED_4Nc9H_UhXC1G3J61qOcjAcuN7Un_RxxWo/edit#slide=id.gf6411d1bc9_1_1,['chadsansing'],Mountain of Engagement,https://youtu.be/6ZlrGVxjd5Q?t=217,"November 09, 2022",ols-6,"Project, Community & Personal Management",Mountain of Engagement
130,https://docs.google.com/presentation/d/1-yxiApKB96HIeyLGl7m7uyNjcHW74VP-XV457B-Euw4/edit#slide=id.g459038e743_0_73,['emmyft'],Mountain of Engagement,https://youtu.be/GdZ3kfKP43A?t=3725,"May 12, 2021",ols-3,"Project, Community & Personal Management",Mountain of Engagement
131,https://docs.google.com/presentation/d/1-yxiApKB96HIeyLGl7m7uyNjcHW74VP-XV457B-Euw4/edit#slide=id.g459038e743_0_73,['chadsansing'],Mountain of Engagement,https://youtu.be/Mu5Dq6KAMqA?t=1715,"November 03, 2021",ols-4,"Project, Community & Personal Management",Mountain of Engagement
132,https://drive.google.com/open?id=1ipIUc1t6ogOpyK9gU_PPgD-UvW0Gs73pMIAdCLOG72Y,['malvikasharan'],Mountain of Engagement & Community Interactions,https://youtu.be/81mG4L7S3Oc?t=2264,"March 25, 2020",ols-1,"Project, Community & Personal Management",Mountain of Engagement
133,https://docs.google.com/presentation/d/1JmO4S1XVnsVUg2HCKHeoGHhWAF_Gbz8Vmd9mVwtFR_k/edit?usp=sharing,['meagdoh'],Using Personas and Pathways to Build Community,https://youtu.be/ycMEiZXmHp8?t=2341,"April 19, 2023",ols-7,"Project, Community & Personal Management",Personas & Pathways
134,https://docs.google.com/presentation/d/1tYKBiCJdpXmTwwinsk4gF8eb9LIteJWnxEOfZOJgZbo/edit?usp=sharing,['anelda'],Designing & empowering for inclusivity: Personas & Pathways,https://youtu.be/X7RbljtdgAQ?t=1402,"April 20, 2022",ols-5,"Project, Community & Personal Management",Personas & Pathways
135,https://docs.google.com/presentation/d/1zAjdIylwTfavFDhPDB9-ykmW_DB-zUnpFjJ7tiNexcw/edit,['benkrikler'],Using Personas and Pathways to Build Community,https://youtu.be/Tl8MOTVznXs?t=4051,"December 03, 2020",ols-2,"Project, Community & Personal Management",Personas & Pathways
136,https://docs.google.com/presentation/d/e/2PACX-1vQBX5k9RiqQdh9Vjt4O07dUVKku4qI8UyE7Bhy9i0iJpEJETq4KbHeFhHmbv1IM5I0Z1qK-NQLlqNfX/pub?start=false&loop=false&delayms=3000,['anelda'],Personas & Pathways,https://youtu.be/GdZ3kfKP43A?t=2263,"May 12, 2021",ols-3,"Project, Community & Personal Management",Personas & Pathways
137,https://docs.google.com/presentation/d/e/2PACX-1vQBX5k9RiqQdh9Vjt4O07dUVKku4qI8UyE7Bhy9i0iJpEJETq4KbHeFhHmbv1IM5I0Z1qK-NQLlqNfX/pub?start=false&loop=false&delayms=3000,['batoolmm'],Using Personas and Pathways to Build Community,https://youtu.be/Mu5Dq6KAMqA?t=199,"November 03, 2021",ols-4,"Project, Community & Personal Management",Personas & Pathways
138,https://docs.google.com/presentation/d/1-rdQipVmJ5lWelQ1oEbi86EbFwTpDh5TLeJ2TAg-oo4/edit?usp=sharing,['kirstiejane'],Using Personas and Pathways to Build Community,https://youtu.be/81mG4L7S3Oc?t=2980,"March 25, 2020",ols-1,"Project, Community & Personal Management",Personas & Pathways
139,https://docs.google.com/presentation/d/1LBD99tpqT2GURtx6D4J8fl-Evjl9zxG43sj8GQlWGWc/edit#slide=id.p,"['malvikasharan', 'msundukova']",Personal Ecology and Self Care,https://youtu.be/4KEakWZjJJA?t=21,"May 23, 2023",ols-7,"Project, Community & Personal Management",Personal Ecology
140,https://docs.google.com/presentation/d/1lL8XQlP_lpqEbjGOhnivXq9oiAgVNCq164qntp-2Wp4/edit#slide=id.g70ef43ea53_0_132,,Personal Ecology and Self Care,,"May 23, 2022",ols-5,"Project, Community & Personal Management",Personal Ecology
141,https://docs.google.com/presentation/d/e/2PACX-1vSyGYllxLypVdHxfc7wTPQTFshsGpwDxXTgxlQWm19Zd959-GiD098DMOdcW0K0KGYyLefyPrdhFeHF/pub?start=false&loop=false&delayms=3000#slide=id.p,,Personal Ecology and Self Care,,"October 29, 2020",ols-2,"Project, Community & Personal Management",Personal Ecology
142,https://drive.google.com/file/d/1wtX0_5ZMO03dsoFliWyWSgbnTCkjpjY2/view?usp=share_link,['wingram'],Personal Ecology and Self Care,,"December 13, 2022",ols-6,"Project, Community & Personal Management",Personal Ecology
143,https://docs.google.com/presentation/d/1lL8XQlP_lpqEbjGOhnivXq9oiAgVNCq164qntp-2Wp4/edit#slide=id.g70ef43ea53_0_132,['emmyft'],Personal Ecology and Self Care,,"April 07, 2021",ols-3,"Project, Community & Personal Management",Personal Ecology
144,https://docs.google.com/presentation/d/1lL8XQlP_lpqEbjGOhnivXq9oiAgVNCq164qntp-2Wp4/edit#slide=id.g70ef43ea53_0_132,['malvikasharan'],Personal Ecology and Self Care,https://youtu.be/94FySX0WwPM?t=154,"December 08, 2021",ols-4,"Project, Community & Personal Management",Personal Ecology
145,https://drive.google.com/open?id=18_gZqCMGDg2VvNOYM17k4vU9tcpXX7KlqKoXlCT1VkU,['yochannah'],Personal Ecology and Self Care ,https://youtu.be/un4lsSMdAB0?t=3299,"April 01, 2020",ols-1,"Project, Community & Personal Management",Personal Ecology
146,https://docs.google.com/presentation/d/1UhSKnz0deqsgzEHYdJGfFlOEN64_BIZ2GRjY6fKk44Y/edit?usp=sharing,,Using project management skills during development stage,https://youtu.be/yCCNZH9JS-0?t=2381,"April 04, 2022",ols-5,"Project, Community & Personal Management",Agile & Iteractive Project Management
147,https://docs.google.com/presentation/d/1CWnHXZHFDYFTqE2KKgZ8R5i_46XqAqnjy12gYSDESxk/edit?usp=sharing,['unode'],Agile and iterative project management methods,https://youtu.be/fyz4gB4XPJk?t=410,"October 08, 2020",ols-2,"Project, Community & Personal Management",Agile & Iteractive Project Management
148,https://docs.google.com/presentation/d/12pcWhXgmYwuAXo_h--lIFEqGgJoGmXcprguTKg8obLA/edit#slide=id.g6e56d0296c_0_0,['alexwlchan'],Agile & Iterative Project Management,https://youtu.be/AggJQTgsaaU?t=2699,"October 25, 2022",ols-6,"Project, Community & Personal Management",Agile & Iteractive Project Management
149,https://docs.google.com/presentation/d/1MQZS-Nh_mlUJ2JMxzAHAbqP8q1ny_Ktxx0GX0vaj2a4/edit#slide=id.g7e28a7e96f_0_0,['unode'],Agile and iterative project management methods,https://youtu.be/XkzCr3fiSCg?t=207,"March 17, 2021",ols-3,"Project, Community & Personal Management",Agile & Iteractive Project Management
150,https://docs.google.com/presentation/d/1I_mQbmVHC1HHzqwyb8UvE3OYt4dALs4V/edit?usp=sharing&ouid=113525991197089671289&rtpof=true&sd=true,['nick-barlow'],Agile & Iterative Project Management Methods,https://youtu.be/kjhrrfF2fvM?t=2548,"October 20, 2021",ols-4,"Project, Community & Personal Management",Agile & Iteractive Project Management
151,https://docs.google.com/presentation/d/1C_RurOY1W__HLRbPTTzmdYT-qdTpuF2qi7leL4Hzdok/edit#slide=id.g7e28a7e96f_0_0,['yochannah'],Agile and iterative project management methods,https://youtu.be/hiLDGLfXa2s?t=165,"February 26, 2020",ols-1,"Project, Community & Personal Management",Agile & Iteractive Project Management
152,https://docs.google.com/presentation/d/1kTyCM574JDxFdXqhqKFWPZnCvI2FUFdtCTq6Lhpx7Nw,['yochannah'],Welcoming New Contributors on Your Project,https://youtu.be/X7RbljtdgAQ?t=2971,"April 20, 2022",ols-5,"Project, Community & Personal Management",Community Interactions
153,https://docs.google.com/presentation/d/1z8rPZbaxJCQaRvNMhy72sfq6xJcf9RSturrPQtugLGU/edit#slide=id.g6e991a6896_0_209,['yochannah'],Community interactions,,"May 12, 2021",ols-3,"Project, Community & Personal Management",Community Interactions
154,https://docs.google.com/presentation/d/1s0uV2klFu8RyTCfpWIqL0lUjYlk6u_vx92v48nk-TU8/edit#slide=id.g6e991a6896_0_209,['contraexemplo'],Welcoming new contributors + Thinking about community interactions,https://youtu.be/Mu5Dq6KAMqA?t=2752,"November 03, 2021",ols-4,"Project, Community & Personal Management",Community Interactions
155,https://drive.google.com/file/d/1Xofpeq6TUGKVhJRounufGnW62q_lewP6/view?usp=sharing,['rowland-mosbergen'],Inclusion is not an afterthought or (Unconscious bias: Does it really matter?),https://youtu.be/WH9Z3lyw9ik?t=433,"May 18, 2022",ols-5,"Project, Community & Personal Management","Equity, Diversity and Inclusion (EDI)"
156,https://alexwlchan.net/2020/03/inclusion-cant-be-an-afterthought/,['alexwlchan'],Inclusion not an afterthought,https://youtu.be/Tl8MOTVznXs?t=742,"December 03, 2020",ols-2,"Project, Community & Personal Management","Equity, Diversity and Inclusion (EDI)"
157,https://docs.google.com/presentation/d/1Kf6Xw0pZr34JAYp1D48PdLxZKMfI2O_NLZ2SHyrMrl0/edit?usp=sharing,['pivg'],Diversity and Inclusion,https://youtu.be/M3fN65m00PU?t=33,"December 07, 2022",ols-6,"Project, Community & Personal Management","Equity, Diversity and Inclusion (EDI)"
158,https://drive.google.com/file/d/1Xofpeq6TUGKVhJRounufGnW62q_lewP6/view?usp=sharing,['rowland-mosbergen'],Inclusion is not an afterthought or (Unconscious bias: Does it really matter?),https://youtu.be/GdZ3kfKP43A?t=438,"May 12, 2021",ols-3,"Project, Community & Personal Management","Equity, Diversity and Inclusion (EDI)"
159,https://drive.google.com/file/d/1Xofpeq6TUGKVhJRounufGnW62q_lewP6/view?usp=sharing,,Inclusion is not an afterthought or (Unconscious bias: Does it really matter?),https://youtu.be/tT-hmAWUFKI?t=965,"December 01, 2021",ols-4,"Project, Community & Personal Management","Equity, Diversity and Inclusion (EDI)"
160,https://docs.google.com/presentation/d/1yaLMBcU1awyFZpeOQC2_QYDwlN-Z_dJ2GXNYDAm2jA8/edit?usp=sharing,['alexwlchan'],Inclusion can't be an afterthought,https://youtu.be/81mG4L7S3Oc?t=749,"March 25, 2020",ols-1,"Project, Community & Personal Management","Equity, Diversity and Inclusion (EDI)"
161,https://docs.google.com/presentation/d/1aIdwn5Jc1OM5gW9h6GW69ZIDNA7W3s9806-i1gzhNp8/edit?usp=sharing,,Ally skills - Optional,https://youtu.be/WH9Z3lyw9ik?t=2263,"May 18, 2022",ols-5,"Project, Community & Personal Management",Ally Skills for Open Leaders
162,,"['yochannah', 'ismael-kg', 'pazbc']",Ally skills,,"December 07, 2022",ols-6,"Project, Community & Personal Management",Ally Skills for Open Leaders
163,https://docs.google.com/presentation/d/1aIdwn5Jc1OM5gW9h6GW69ZIDNA7W3s9806-i1gzhNp8/edit?usp=sharing,,Ally skills - Optional,https://youtu.be/tT-hmAWUFKI?t=2126,"December 01, 2021",ols-4,"Project, Community & Personal Management",Ally Skills for Open Leaders
164,https://docs.google.com/presentation/d/1-eaxorHL76DGMjcpmTzVDqcO-4Wz-W4VBoOtJa2py3U/edit?usp=sharing,['malvikasharan'],Ally Skills,https://youtu.be/un4lsSMdAB0?t=3851,"April 01, 2020",ols-1,"Project, Community & Personal Management",Ally Skills for Open Leaders
165,https://docs.google.com/presentation/d/1_0LMMqMrcDh9IfGOv45jXNkxPku3mdehcb51QjVaTCI/present,['melibleq'],"Personas, community design for inclusivity",https://youtu.be/6ZlrGVxjd5Q?t=1998,"November 09, 2022",ols-6,"Project, Community & Personal Management",Community Design for Inclusivity
166,,['chartgerink'],Social enterprise,https://youtu.be/8xfQrbnm_Io?t=221,"April 25, 2023",ols-7,Open Leadership,Open Leadership in Practice
167,https://docs.google.com/presentation/d/1DvXK_F28DRRTQWjTSx1JpBzcH-YP6EIL0_JszOvmn9U/edit?usp=sharing,['anshulbharadwaj'],Open Science and its impact on global science and community,https://youtu.be/8xfQrbnm_Io?t=1185,"April 25, 2023",ols-7,Open Leadership,Open Leadership in Practice
168,,['pragya-chaube'],"Policymakers, funders, meta-researchers",https://youtu.be/8xfQrbnm_Io?t=2799,"April 25, 2023",ols-7,Open Leadership,Open Leadership in Practice
169,,['msundukova'],"Academic leadership, group or project leaders",https://youtu.be/xIYmPhYsqrE?t=215,"April 25, 2022",ols-5,Open Leadership,Open Leadership in Practice
170,,['jasonjwilliamsny'],"Post-academia career path, Social entrepreneurship",https://youtu.be/xIYmPhYsqrE?t=2420,"April 25, 2022",ols-5,Open Leadership,Open Leadership in Practice
171,,['melissawm'],"Post-academia career path, Social entrepreneurship",https://youtu.be/xIYmPhYsqrE?t=3512,"April 25, 2022",ols-5,Open Leadership,Open Leadership in Practice
172,,['honoluluskye'],,,"April 25, 2022",ols-5,Open Leadership,Open Leadership in Practice
173,https://docs.google.com/presentation/d/1jeTk_PzsWpaR4DRmBrbrDGol2_drPEizp26o4d8jnnA/edit?usp=sharing,['rainsworth'],Community building,https://youtu.be/hS-6GE0X2UY?t=149,"November 19, 2020",ols-2,Open Leadership,Open Leadership in Practice
174,https://docs.google.com/presentation/d/1RsvcKd_5uW-TtawLAOw6N95gOLO6MinN0I94dUIII8s/edit,['natasha_wood'],Navigating a career through academia and industry/start-up,https://youtu.be/hS-6GE0X2UY?t=917,"November 19, 2020",ols-2,Open Leadership,Open Leadership in Practice
175,,['ajstewartlang'],Academia,https://youtu.be/hS-6GE0X2UY?t=1495,"November 19, 2020",ols-2,Open Leadership,Open Leadership in Practice
176,https://drive.google.com/file/d/1i1g9pxmkW8gr4f3S380NBJ6-k8GGVnrx/view?usp=sharing,['ekin-bolukbasi'],"Data Challenges Manager, Wellcome",https://youtu.be/hS-6GE0X2UY?t=2333,"November 19, 2020",ols-2,Open Leadership,Open Leadership in Practice
177,https://docs.google.com/presentation/d/1Sac0MqvkmgK4vWSDrdiEkEWUdgyznySX45WDpV-XkyQ/edit?usp=sharing,['sdopoku'],Social entrepreneurship,https://youtu.be/hS-6GE0X2UY?t=3016,"November 19, 2020",ols-2,Open Leadership,Open Leadership in Practice
178,https://docs.google.com/presentation/d/1a9OlvL9AY8EMbZm3JPg6dESfbqIdVudpA1IbnznzG2M/edit#slide=id.g7e28a7e96f_0_0,['jafsia'],"Academic leadership, group or project leaders",https://youtu.be/5fTXmHIKaL4?t=149,"November 15, 2022",ols-6,Open Leadership,Open Leadership in Practice
179,https://docs.google.com/presentation/d/1MzbVKP8zcKC-SRJlpXUwFOHxl1OxssZO_lq4sKghzLo/edit?usp=sharing,['danielagduca'],Open secrets to finding your path,https://youtu.be/5fTXmHIKaL4?t=1813,"November 15, 2022",ols-6,Open Leadership,Open Leadership in Practice
180,,['olya-vvedenskaya'],Post Academia Career Path & Social Entrepreneurship,https://youtu.be/5fTXmHIKaL4?t=3370,"November 15, 2022",ols-6,Open Leadership,Open Leadership in Practice
181,,['sdopoku'],Social entrepreneurship,https://youtu.be/EMVGOapd0M4?t=146,"April 28, 2021",ols-3,Open Leadership,Open Leadership in Practice
182,,['thomas-mboa'],Open Lab and Makers movement,https://youtu.be/EMVGOapd0M4?t=888,"April 28, 2021",ols-3,Open Leadership,Open Leadership in Practice
183,,['zulidyana-rusnalasari'],Journal and public relations,https://youtu.be/EMVGOapd0M4?t=1595,"April 28, 2021",ols-3,Open Leadership,Open Leadership in Practice
184,,['natalie-banner'],Talking about data in trustworthy ways,https://youtu.be/EMVGOapd0M4?t=2951,"April 28, 2021",ols-3,Open Leadership,Open Leadership in Practice
185,,['mannyco'],"Post-academia career path, Social entrepreneurship",,"November 10, 2021",ols-4,Open Leadership,Open Leadership in Practice
186,,,"Academic leadership, group or project leaders",,"November 10, 2021",ols-4,Open Leadership,Open Leadership in Practice
187,,,"Community building, Science Communication",,"November 10, 2021",ols-4,Open Leadership,Open Leadership in Practice
188,,['aki-macfarlane'],"Policymakers, funders, meta-researchers",,"November 10, 2021",ols-4,Open Leadership,Open Leadership in Practice
189,https://docs.google.com/presentation/d/13FfUMZ-_jd1bUNyVXG_Rwk51GLOp8rsFHRMCRpXebBE/edit?usp=sharing,['fpsom'],Leadership in Academia,https://youtu.be/un4lsSMdAB0?t=246,"April 01, 2020",ols-1,Open Leadership,Open Leadership in Practice
190,https://docs.google.com/presentation/d/1Cx6XAxZMt3jlU8O8DM8fCYemjmzgHUd6Sx8-MI3kIz0/edit?usp=sharing,['bduckles'],Becoming a Post Academic ,https://youtu.be/un4lsSMdAB0?t=1433,"April 01, 2020",ols-1,Open Leadership,Open Leadership in Practice
191,,['jasonjwilliamsny'],Leadership in training and education,https://youtu.be/un4lsSMdAB0?t=2256,"April 01, 2020",ols-1,Open Leadership,Open Leadership in Practice
